raceId,year,url_gp,weather_raw
839,1950,http://en.wikipedia.org/wiki/1950_Italian_Grand_Prix,"Warm, hot and sunny"
838,1950,http://en.wikipedia.org/wiki/1950_French_Grand_Prix,Hot and sunny
837,1950,http://en.wikipedia.org/wiki/1950_Belgian_Grand_Prix,"Warm, dry and sunny"
836,1950,http://en.wikipedia.org/wiki/1950_Swiss_Grand_Prix,"Warm, dry and sunny"
835,1950,http://en.wikipedia.org/wiki/1950_Indianapolis_500,
834,1950,http://en.wikipedia.org/wiki/1950_Monaco_Grand_Prix,
833,1950,http://en.wikipedia.org/wiki/1950_British_Grand_Prix,"Sunny, mild, dry."
832,1951,http://en.wikipedia.org/wiki/1951_Spanish_Grand_Prix,"Hot, Dry"
825,1951,http://en.wikipedia.org/wiki/1951_Swiss_Grand_Prix,"Overcast, rain"
826,1951,http://en.wikipedia.org/wiki/1951_Indianapolis_500,
831,1951,http://en.wikipedia.org/wiki/1951_Italian_Grand_Prix,Warm and sunny
830,1951,http://en.wikipedia.org/wiki/1951_German_Grand_Prix,"Sunny, Mild, Dry"
829,1951,http://en.wikipedia.org/wiki/1951_British_Grand_Prix,"Mild, Dry"
828,1951,http://en.wikipedia.org/wiki/1951_French_Grand_Prix,"Sunny, Hot, Dry"
827,1951,http://en.wikipedia.org/wiki/1951_Belgian_Grand_Prix,"Sunny, Mild, Dry"
823,1952,http://en.wikipedia.org/wiki/1952_Dutch_Grand_Prix,Rainy
817,1952,http://en.wikipedia.org/wiki/1952_Swiss_Grand_Prix,Sunny
818,1952,http://en.wikipedia.org/wiki/1952_Indianapolis_500,
819,1952,http://en.wikipedia.org/wiki/1952_Belgian_Grand_Prix,Rain
824,1952,http://en.wikipedia.org/wiki/1952_Italian_Grand_Prix,Sunny
821,1952,http://en.wikipedia.org/wiki/1952_British_Grand_Prix,"Overcast, dry."
820,1952,http://en.wikipedia.org/wiki/1952_French_Grand_Prix,Rain
822,1952,http://en.wikipedia.org/wiki/1952_German_Grand_Prix,Sunny
816,1953,http://en.wikipedia.org/wiki/1953_Italian_Grand_Prix,"Sunny, mild, dry"
815,1953,http://en.wikipedia.org/wiki/1953_Swiss_Grand_Prix,"Sunny, mild, dry"
814,1953,http://en.wikipedia.org/wiki/1953_German_Grand_Prix,"Sunny, mild, dry"
813,1953,http://en.wikipedia.org/wiki/1953_British_Grand_Prix,"Overcast, showers"
812,1953,http://en.wikipedia.org/wiki/1953_French_Grand_Prix,"Hot, dry"
811,1953,http://en.wikipedia.org/wiki/1953_Belgian_Grand_Prix,"Hot, dry"
810,1953,http://en.wikipedia.org/wiki/1953_Dutch_Grand_Prix,"Sunny, mild, dry"
809,1953,http://en.wikipedia.org/wiki/1953_Indianapolis_500,
808,1953,http://en.wikipedia.org/wiki/1953_Argentine_Grand_Prix,"Hot, dry"
806,1954,http://en.wikipedia.org/wiki/1954_Italian_Grand_Prix,"Sunny, mild, dry"
804,1954,http://en.wikipedia.org/wiki/1954_German_Grand_Prix,"Sunny, dry"
807,1954,http://en.wikipedia.org/wiki/1954_Spanish_Grand_Prix,"Sunny, mild, dry"
805,1954,http://en.wikipedia.org/wiki/1954_Swiss_Grand_Prix,Rain
803,1954,http://en.wikipedia.org/wiki/1954_British_Grand_Prix,"Cold, wet (heavy rain).[1]"
802,1954,http://en.wikipedia.org/wiki/1954_French_Grand_Prix,"Overcast, wet"
801,1954,http://en.wikipedia.org/wiki/1954_Belgian_Grand_Prix,"Sunny, mild, dry"
800,1954,http://en.wikipedia.org/wiki/1954_Indianapolis_500,
799,1954,http://en.wikipedia.org/wiki/1954_Argentine_Grand_Prix,"Overcast, wet"
796,1955,http://en.wikipedia.org/wiki/1955_Dutch_Grand_Prix,Drizzly
792,1955,http://en.wikipedia.org/wiki/1955_Argentine_Grand_Prix,Very hot and dry
793,1955,http://en.wikipedia.org/wiki/1955_Monaco_Grand_Prix,
794,1955,http://en.wikipedia.org/wiki/1955_Indianapolis_500,
795,1955,http://en.wikipedia.org/wiki/1955_Belgian_Grand_Prix,
797,1955,http://en.wikipedia.org/wiki/1955_British_Grand_Prix,"Hot, dry.[1]"
798,1955,http://en.wikipedia.org/wiki/1955_Italian_Grand_Prix,
785,1956,http://en.wikipedia.org/wiki/1956_Monaco_Grand_Prix,"Warm, dry, sunny"
791,1956,http://en.wikipedia.org/wiki/1956_Italian_Grand_Prix,"Cloudy, warm, alternating light rain"
790,1956,http://en.wikipedia.org/wiki/1956_German_Grand_Prix,
789,1956,http://en.wikipedia.org/wiki/1956_British_Grand_Prix,"Overcast, dry"
787,1956,http://en.wikipedia.org/wiki/1956_Belgian_Grand_Prix,"Wet and overcast, later drying"
788,1956,http://en.wikipedia.org/wiki/1956_French_Grand_Prix,
786,1956,http://en.wikipedia.org/wiki/1956_Indianapolis_500,
784,1956,http://en.wikipedia.org/wiki/1956_Argentine_Grand_Prix,Overcast but dry
783,1957,http://en.wikipedia.org/wiki/1957_Italian_Grand_Prix,
782,1957,http://en.wikipedia.org/wiki/1957_Pescara_Grand_Prix,"Sunny, very hot, dry"
781,1957,http://en.wikipedia.org/wiki/1957_German_Grand_Prix,
780,1957,http://en.wikipedia.org/wiki/1957_British_Grand_Prix,"Overcast, dry."
779,1957,http://en.wikipedia.org/wiki/1957_French_Grand_Prix,
778,1957,http://en.wikipedia.org/wiki/1957_Indianapolis_500,
776,1957,http://en.wikipedia.org/wiki/1957_Argentine_Grand_Prix,
777,1957,http://en.wikipedia.org/wiki/1957_Monaco_Grand_Prix,
766,1958,http://en.wikipedia.org/wiki/1958_Monaco_Grand_Prix,
768,1958,http://en.wikipedia.org/wiki/1958_Indianapolis_500,
774,1958,http://en.wikipedia.org/wiki/1958_Italian_Grand_Prix,
773,1958,http://en.wikipedia.org/wiki/1958_Portuguese_Grand_Prix,
772,1958,http://en.wikipedia.org/wiki/1958_German_Grand_Prix,
771,1958,http://en.wikipedia.org/wiki/1958_British_Grand_Prix,
770,1958,http://en.wikipedia.org/wiki/1958_French_Grand_Prix,
775,1958,http://en.wikipedia.org/wiki/1958_Moroccan_Grand_Prix,"Warm, dry, sunny"
769,1958,http://en.wikipedia.org/wiki/1958_Belgian_Grand_Prix,"Hot, dry"
767,1958,http://en.wikipedia.org/wiki/1958_Dutch_Grand_Prix,
765,1958,http://en.wikipedia.org/wiki/1958_Argentine_Grand_Prix,
764,1959,http://en.wikipedia.org/wiki/1959_United_States_Grand_Prix,Sunny with temperatures reaching up to 25 °C (77 °F);Winds speeds up to 25.93 km/h (16.11 mph)[1]
763,1959,http://en.wikipedia.org/wiki/1959_Italian_Grand_Prix,Dry and sunny
762,1959,http://en.wikipedia.org/wiki/1959_Portuguese_Grand_Prix,Hot and clear.
761,1959,http://en.wikipedia.org/wiki/1959_German_Grand_Prix,Dry and dull.
760,1959,http://en.wikipedia.org/wiki/1959_British_Grand_Prix,Dry and sunny.
759,1959,http://en.wikipedia.org/wiki/1959_French_Grand_Prix,"Hot, dry"
758,1959,http://en.wikipedia.org/wiki/1959_Dutch_Grand_Prix,Sunny
757,1959,http://en.wikipedia.org/wiki/1959_Indianapolis_500,
756,1959,http://en.wikipedia.org/wiki/1959_Monaco_Grand_Prix,"Hot, clear"
747,1960,http://en.wikipedia.org/wiki/1960_Monaco_Grand_Prix,
755,1960,http://en.wikipedia.org/wiki/1960_United_States_Grand_Prix,Temperatures up to 24.4 °C (75.9 °F);Wind speeds up to 18.33 km/h (11.39 mph)[1]
754,1960,http://en.wikipedia.org/wiki/1960_Italian_Grand_Prix,"Warm, dry"
753,1960,http://en.wikipedia.org/wiki/1960_Portuguese_Grand_Prix,
752,1960,http://en.wikipedia.org/wiki/1960_British_Grand_Prix,"Dry, overcast."
751,1960,http://en.wikipedia.org/wiki/1960_French_Grand_Prix,Dry
750,1960,http://en.wikipedia.org/wiki/1960_Belgian_Grand_Prix,
749,1960,http://en.wikipedia.org/wiki/1960_Dutch_Grand_Prix,
746,1960,http://en.wikipedia.org/wiki/1960_Argentine_Grand_Prix,Dry
748,1960,http://en.wikipedia.org/wiki/1960_Indianapolis_500,
738,1961,http://en.wikipedia.org/wiki/1961_Monaco_Grand_Prix,Sunny
739,1961,http://en.wikipedia.org/wiki/1961_Dutch_Grand_Prix,Sunny
740,1961,http://en.wikipedia.org/wiki/1961_Belgian_Grand_Prix,Sunny
741,1961,http://en.wikipedia.org/wiki/1961_French_Grand_Prix,Sunny
742,1961,http://en.wikipedia.org/wiki/1961_British_Grand_Prix,"Torrential rain, drying later"
744,1961,http://en.wikipedia.org/wiki/1961_Italian_Grand_Prix,Sunny
745,1961,http://en.wikipedia.org/wiki/1961_United_States_Grand_Prix,Temperatures up to 22 °C (72 °F);Wind speeds up to 16.48 km/h (10.24 mph)[1]
743,1961,http://en.wikipedia.org/wiki/1961_German_Grand_Prix,Wet
729,1962,http://en.wikipedia.org/wiki/1962_Dutch_Grand_Prix,Sunny
737,1962,http://en.wikipedia.org/wiki/1962_South_African_Grand_Prix,"Dry, windy"
736,1962,http://en.wikipedia.org/wiki/1962_United_States_Grand_Prix,Sunny
735,1962,http://en.wikipedia.org/wiki/1962_Italian_Grand_Prix,"Dry, with rain later"
734,1962,http://en.wikipedia.org/wiki/1962_German_Grand_Prix,Heavy rain showers
733,1962,http://en.wikipedia.org/wiki/1962_British_Grand_Prix,Sunny
732,1962,http://en.wikipedia.org/wiki/1962_French_Grand_Prix,Sunny
731,1962,http://en.wikipedia.org/wiki/1962_Belgian_Grand_Prix,Sunny
730,1962,http://en.wikipedia.org/wiki/1962_Monaco_Grand_Prix,Cloudy
727,1963,http://en.wikipedia.org/wiki/1963_Mexican_Grand_Prix,"Overcast, dry"
728,1963,http://en.wikipedia.org/wiki/1963_South_African_Grand_Prix,"Hot, dry and windy"
721,1963,http://en.wikipedia.org/wiki/1963_Dutch_Grand_Prix,Sunny
722,1963,http://en.wikipedia.org/wiki/1963_French_Grand_Prix,"Sunny, then rain"
723,1963,http://en.wikipedia.org/wiki/1963_British_Grand_Prix,"Warm, dry and sunny"
719,1963,http://en.wikipedia.org/wiki/1963_Monaco_Grand_Prix,"Warm, dry and sunny"
725,1963,http://en.wikipedia.org/wiki/1963_Italian_Grand_Prix,"Warm, dry and sunny"
726,1963,http://en.wikipedia.org/wiki/1963_United_States_Grand_Prix,Sunny
720,1963,http://en.wikipedia.org/wiki/1963_Belgian_Grand_Prix,Wet and overcast
724,1963,http://en.wikipedia.org/wiki/1963_German_Grand_Prix,"Warm, dry and sunny, 21C."
717,1964,http://en.wikipedia.org/wiki/1964_United_States_Grand_Prix,"Sunny, warm"
718,1964,http://en.wikipedia.org/wiki/1964_Mexican_Grand_Prix,
709,1964,http://en.wikipedia.org/wiki/1964_Monaco_Grand_Prix,
716,1964,http://en.wikipedia.org/wiki/1964_Italian_Grand_Prix,Dry
715,1964,http://en.wikipedia.org/wiki/1964_Austrian_Grand_Prix,Dry
714,1964,http://en.wikipedia.org/wiki/1964_German_Grand_Prix,Dry
713,1964,http://en.wikipedia.org/wiki/1964_British_Grand_Prix,"Warm, dry"
712,1964,http://en.wikipedia.org/wiki/1964_French_Grand_Prix,Dry
711,1964,http://en.wikipedia.org/wiki/1964_Belgian_Grand_Prix,Dry
710,1964,http://en.wikipedia.org/wiki/1964_Dutch_Grand_Prix,Dry
707,1965,http://en.wikipedia.org/wiki/1965_United_States_Grand_Prix,"Rainy, windy, cold"
706,1965,http://en.wikipedia.org/wiki/1965_Italian_Grand_Prix,
704,1965,http://en.wikipedia.org/wiki/1965_Dutch_Grand_Prix,
705,1965,http://en.wikipedia.org/wiki/1965_German_Grand_Prix,Overcast and dry
702,1965,http://en.wikipedia.org/wiki/1965_French_Grand_Prix,Sunny
701,1965,http://en.wikipedia.org/wiki/1965_Belgian_Grand_Prix,Heavy rain
708,1965,http://en.wikipedia.org/wiki/1965_Mexican_Grand_Prix,
699,1965,http://en.wikipedia.org/wiki/1965_South_African_Grand_Prix,
703,1965,http://en.wikipedia.org/wiki/1965_British_Grand_Prix,"Warm, dry and overcast"
700,1965,http://en.wikipedia.org/wiki/1965_Monaco_Grand_Prix,
697,1966,http://en.wikipedia.org/wiki/1966_United_States_Grand_Prix,"Cool, dry"
690,1966,http://en.wikipedia.org/wiki/1966_Monaco_Grand_Prix,"Overcast, Mild, Dry"
691,1966,http://en.wikipedia.org/wiki/1966_Belgian_Grand_Prix,Overcast and wet
692,1966,http://en.wikipedia.org/wiki/1966_French_Grand_Prix,"Hot, dry"
693,1966,http://en.wikipedia.org/wiki/1966_British_Grand_Prix,"Wet, drying later"
695,1966,http://en.wikipedia.org/wiki/1966_German_Grand_Prix,Overcast and wet
696,1966,http://en.wikipedia.org/wiki/1966_Italian_Grand_Prix,"Warm, dry and sunny"
698,1966,http://en.wikipedia.org/wiki/1966_Mexican_Grand_Prix,"Warm, clear"
694,1966,http://en.wikipedia.org/wiki/1966_Dutch_Grand_Prix,"Sunny, Mild, Dry"
689,1967,http://en.wikipedia.org/wiki/1967_Mexican_Grand_Prix,
680,1967,http://en.wikipedia.org/wiki/1967_Monaco_Grand_Prix,
688,1967,http://en.wikipedia.org/wiki/1967_United_States_Grand_Prix,Sunny
687,1967,http://en.wikipedia.org/wiki/1967_Italian_Grand_Prix,"Warm, dry"
686,1967,http://en.wikipedia.org/wiki/1967_Canadian_Grand_Prix,Rainy with temperatures up to 24.4 °C (75.9 °F); wind speeds up to 8 kilometres per hour (5.0 mph)[1]
685,1967,http://en.wikipedia.org/wiki/1967_German_Grand_Prix,"Warm, dry and sunny"
684,1967,http://en.wikipedia.org/wiki/1967_British_Grand_Prix,
683,1967,http://en.wikipedia.org/wiki/1967_French_Grand_Prix,
682,1967,http://en.wikipedia.org/wiki/1967_Belgian_Grand_Prix,
681,1967,http://en.wikipedia.org/wiki/1967_Dutch_Grand_Prix,
679,1967,http://en.wikipedia.org/wiki/1967_South_African_Grand_Prix,
673,1968,http://en.wikipedia.org/wiki/1968_British_Grand_Prix,"Hot, Dry"
674,1968,http://en.wikipedia.org/wiki/1968_German_Grand_Prix,"Hazy, Wet"
675,1968,http://en.wikipedia.org/wiki/1968_Italian_Grand_Prix,"Hot, Dry"
669,1968,http://en.wikipedia.org/wiki/1968_Monaco_Grand_Prix,"Sunny, Mild, Dry"
677,1968,http://en.wikipedia.org/wiki/1968_United_States_Grand_Prix,Temperatures reaching a maximum of 20 °C (68 °F);wind speeds up to 14.82 km/h (9.21 mph)[1]
678,1968,http://en.wikipedia.org/wiki/1968_Mexican_Grand_Prix,"Sunny, Mild, Dry"
670,1968,http://en.wikipedia.org/wiki/1968_Belgian_Grand_Prix,"Overcast, Dry"
676,1968,http://en.wikipedia.org/wiki/1968_Canadian_Grand_Prix,Sunny with temperatures reaching up to 27.8 °C (82.0 °F) and wind speeds up to 10.1 kilometres per hour (6.3 mph); no precipitation reported throughout the day[1]
672,1968,http://en.wikipedia.org/wiki/1968_French_Grand_Prix,Wet
671,1968,http://en.wikipedia.org/wiki/1968_Dutch_Grand_Prix,Showers
667,1968,http://en.wikipedia.org/wiki/1968_South_African_Grand_Prix,"Very hot, dry"
668,1968,http://en.wikipedia.org/wiki/1968_Spanish_Grand_Prix,"Hot, Dry"
661,1969,http://en.wikipedia.org/wiki/1969_British_Grand_Prix,"Overcast, dry"
666,1969,http://en.wikipedia.org/wiki/1969_Mexican_Grand_Prix,Warm and dry
656,1969,http://en.wikipedia.org/wiki/1969_South_African_Grand_Prix,"Hot, Dry"
657,1969,http://en.wikipedia.org/wiki/1969_Spanish_Grand_Prix,"Sunny, mild, dry"
658,1969,http://en.wikipedia.org/wiki/1969_Monaco_Grand_Prix,"Overcast, mild, dry"
659,1969,http://en.wikipedia.org/wiki/1969_Dutch_Grand_Prix,"Sunny, mild, dry"
660,1969,http://en.wikipedia.org/wiki/1969_French_Grand_Prix,"Sunny, mild, dry"
662,1969,http://en.wikipedia.org/wiki/1969_German_Grand_Prix,
663,1969,http://en.wikipedia.org/wiki/1969_Italian_Grand_Prix,"Sunny, Dry"
664,1969,http://en.wikipedia.org/wiki/1969_Canadian_Grand_Prix,Mild with temperatures approaching 21.1 °C (70.0 °F); wind speeds up to 10.1 kilometres per hour (6.3 mph)[1]
665,1969,http://en.wikipedia.org/wiki/1969_United_States_Grand_Prix,Dry with temperatures reaching up to 18 °C (64 °F);Wind speeds up to 18.70 km/h (11.62 mph)[1]
650,1970,http://en.wikipedia.org/wiki/1970_German_Grand_Prix,
651,1970,http://en.wikipedia.org/wiki/1970_Austrian_Grand_Prix,
655,1970,http://en.wikipedia.org/wiki/1970_Mexican_Grand_Prix,
652,1970,http://en.wikipedia.org/wiki/1970_Italian_Grand_Prix,"Sunny, Dry"
654,1970,http://en.wikipedia.org/wiki/1970_United_States_Grand_Prix,Cloudy and dry with temperatures reaching up to 10 °C (50 °F);Wind speeds up to 29.5 km/h (18.3 mph)[1]
653,1970,http://en.wikipedia.org/wiki/1970_Canadian_Grand_Prix,Mild with temperatures approaching 23.3 °C (73.9 °F); winds gusting up to 10.1 kilometres per hour (6.3 mph)[1]
643,1970,http://en.wikipedia.org/wiki/1970_South_African_Grand_Prix,"Very hot, Dry"
649,1970,http://en.wikipedia.org/wiki/1970_British_Grand_Prix,
648,1970,http://en.wikipedia.org/wiki/1970_French_Grand_Prix,Overcast
647,1970,http://en.wikipedia.org/wiki/1970_Dutch_Grand_Prix,Cloudy
646,1970,http://en.wikipedia.org/wiki/1970_Belgian_Grand_Prix,
645,1970,http://en.wikipedia.org/wiki/1970_Monaco_Grand_Prix,Sunny and warm
644,1970,http://en.wikipedia.org/wiki/1970_Spanish_Grand_Prix,"Very hot, Dry"
637,1971,http://en.wikipedia.org/wiki/1971_British_Grand_Prix,"Overcast, dry"
632,1971,http://en.wikipedia.org/wiki/1971_South_African_Grand_Prix,"Sunny, Hot, Dry"
635,1971,http://en.wikipedia.org/wiki/1971_Dutch_Grand_Prix,Wet
634,1971,http://en.wikipedia.org/wiki/1971_Monaco_Grand_Prix,Overcast
636,1971,http://en.wikipedia.org/wiki/1971_French_Grand_Prix,
641,1971,http://en.wikipedia.org/wiki/1971_Canadian_Grand_Prix,Rainy and foggy with temperatures approaching 17.8 °C (64.0 °F); wind speeds up to 8 kilometres per hour (5.0 mph)[1]
642,1971,http://en.wikipedia.org/wiki/1971_United_States_Grand_Prix,Dry
638,1971,http://en.wikipedia.org/wiki/1971_German_Grand_Prix,
633,1971,http://en.wikipedia.org/wiki/1971_Spanish_Grand_Prix,"Sunny, Hot, Dry"
640,1971,http://en.wikipedia.org/wiki/1971_Italian_Grand_Prix,
639,1971,http://en.wikipedia.org/wiki/1971_Austrian_Grand_Prix,Dry
631,1972,http://en.wikipedia.org/wiki/1972_United_States_Grand_Prix,"Sunny at start, brief showers late"
621,1972,http://en.wikipedia.org/wiki/1972_South_African_Grand_Prix,"Sunny, Hot, Dry"
622,1972,http://en.wikipedia.org/wiki/1972_Spanish_Grand_Prix,
623,1972,http://en.wikipedia.org/wiki/1972_Monaco_Grand_Prix,Wet
624,1972,http://en.wikipedia.org/wiki/1972_Belgian_Grand_Prix,
625,1972,http://en.wikipedia.org/wiki/1972_French_Grand_Prix,
627,1972,http://en.wikipedia.org/wiki/1972_German_Grand_Prix,
628,1972,http://en.wikipedia.org/wiki/1972_Austrian_Grand_Prix,"Sunny, hot"
629,1972,http://en.wikipedia.org/wiki/1972_Italian_Grand_Prix,Dry and sunny
630,1972,http://en.wikipedia.org/wiki/1972_Canadian_Grand_Prix,Mild with temperatures approaching 22.8 °C (73.0 °F); wind speeds up to 12 kilometres per hour (7.5 mph)[1]
620,1972,http://en.wikipedia.org/wiki/1972_Argentine_Grand_Prix,
626,1972,http://en.wikipedia.org/wiki/1972_British_Grand_Prix,"Warm, dry"
605,1973,http://en.wikipedia.org/wiki/1973_Argentine_Grand_Prix,
615,1973,http://en.wikipedia.org/wiki/1973_German_Grand_Prix,Dry
606,1973,http://en.wikipedia.org/wiki/1973_Brazilian_Grand_Prix,Sunny and hot
607,1973,http://en.wikipedia.org/wiki/1973_South_African_Grand_Prix,"Sunny, Hot, Dry"
608,1973,http://en.wikipedia.org/wiki/1973_Spanish_Grand_Prix,"Sunny, Hot, Dry"
609,1973,http://en.wikipedia.org/wiki/1973_Belgian_Grand_Prix,"Warm, dry"
610,1973,http://en.wikipedia.org/wiki/1973_Monaco_Grand_Prix,
612,1973,http://en.wikipedia.org/wiki/1973_French_Grand_Prix,Sunny and warm
611,1973,http://en.wikipedia.org/wiki/1973_Swedish_Grand_Prix,
614,1973,http://en.wikipedia.org/wiki/1973_Dutch_Grand_Prix,Dry
616,1973,http://en.wikipedia.org/wiki/1973_Austrian_Grand_Prix,
617,1973,http://en.wikipedia.org/wiki/1973_Italian_Grand_Prix,
618,1973,http://en.wikipedia.org/wiki/1973_Canadian_Grand_Prix,Mild with temperatures approaching 22.2 °C (72.0 °F); wind speeds up to 11.8 kilometres per hour (7.3 mph)[1]
619,1973,http://en.wikipedia.org/wiki/1973_United_States_Grand_Prix,Cloudy with temperatures approaching 20 °C (68 °F);Wind speeds up to 14.82 km/h (9.21 mph)[1]
613,1973,http://en.wikipedia.org/wiki/1973_British_Grand_Prix,Dry
603,1974,http://en.wikipedia.org/wiki/1974_Canadian_Grand_Prix,Cold with temperatures approaching 13.3 °C (55.9 °F); wind speeds up to 15 kilometres per hour (9.3 mph)[1]
604,1974,http://en.wikipedia.org/wiki/1974_United_States_Grand_Prix,"Clear, warm"
601,1974,http://en.wikipedia.org/wiki/1974_Austrian_Grand_Prix,
600,1974,http://en.wikipedia.org/wiki/1974_German_Grand_Prix,"Overcast, showers"
599,1974,http://en.wikipedia.org/wiki/1974_British_Grand_Prix,
598,1974,http://en.wikipedia.org/wiki/1974_French_Grand_Prix,
597,1974,http://en.wikipedia.org/wiki/1974_Dutch_Grand_Prix,
596,1974,http://en.wikipedia.org/wiki/1974_Swedish_Grand_Prix,
595,1974,http://en.wikipedia.org/wiki/1974_Monaco_Grand_Prix,
594,1974,http://en.wikipedia.org/wiki/1974_Belgian_Grand_Prix,
593,1974,http://en.wikipedia.org/wiki/1974_Spanish_Grand_Prix,
592,1974,http://en.wikipedia.org/wiki/1974_South_African_Grand_Prix,
591,1974,http://en.wikipedia.org/wiki/1974_Brazilian_Grand_Prix,"Hot and partially cloudy in the first phase, then seasonal monsoon later."
590,1974,http://en.wikipedia.org/wiki/1974_Argentine_Grand_Prix,Hot and sunny
602,1974,http://en.wikipedia.org/wiki/1974_Italian_Grand_Prix,
582,1975,http://en.wikipedia.org/wiki/1975_Swedish_Grand_Prix,Dry
589,1975,http://en.wikipedia.org/wiki/1975_United_States_Grand_Prix,Partly sunny with temperatures reaching a maximum of 20.6 °C (69.1 °F);Winds gusting up to 31.48 km/h (19.56 mph)[1]
587,1975,http://en.wikipedia.org/wiki/1975_Austrian_Grand_Prix,Heavy rain
586,1975,http://en.wikipedia.org/wiki/1975_German_Grand_Prix,Dry and sunny
585,1975,http://en.wikipedia.org/wiki/1975_British_Grand_Prix,"Sunny, then overcast, then heavy rain"
576,1975,http://en.wikipedia.org/wiki/1975_Argentine_Grand_Prix,Hot and sunny
577,1975,http://en.wikipedia.org/wiki/1975_Brazilian_Grand_Prix,"Sunny, hot and dry"
578,1975,http://en.wikipedia.org/wiki/1975_South_African_Grand_Prix,Sunny
579,1975,http://en.wikipedia.org/wiki/1975_Spanish_Grand_Prix,Sunny
584,1975,http://en.wikipedia.org/wiki/1975_French_Grand_Prix,Dry and sunny
581,1975,http://en.wikipedia.org/wiki/1975_Belgian_Grand_Prix,Dry and sunny
588,1975,http://en.wikipedia.org/wiki/1975_Italian_Grand_Prix,Dry and sunny
580,1975,http://en.wikipedia.org/wiki/1975_Monaco_Grand_Prix,"Rain, later drying"
583,1975,http://en.wikipedia.org/wiki/1975_Dutch_Grand_Prix,"Wet, drying later"
564,1976,http://en.wikipedia.org/wiki/1976_Belgian_Grand_Prix,
560,1976,http://en.wikipedia.org/wiki/1976_Brazilian_Grand_Prix,Sunny
561,1976,http://en.wikipedia.org/wiki/1976_South_African_Grand_Prix,Sunny
562,1976,http://en.wikipedia.org/wiki/1976_United_States_Grand_Prix_West,Hot and sunny with temperatures reaching up to 70 °F (21 °C); wind speeds approaching speeds up to 15 miles per hour (24 km/h)[2]
563,1976,http://en.wikipedia.org/wiki/1976_Spanish_Grand_Prix,
565,1976,http://en.wikipedia.org/wiki/1976_Monaco_Grand_Prix,Dry
566,1976,http://en.wikipedia.org/wiki/1976_Swedish_Grand_Prix,Dry
568,1976,http://en.wikipedia.org/wiki/1976_British_Grand_Prix,Dry
567,1976,http://en.wikipedia.org/wiki/1976_French_Grand_Prix,
570,1976,http://en.wikipedia.org/wiki/1976_Austrian_Grand_Prix,
571,1976,http://en.wikipedia.org/wiki/1976_Dutch_Grand_Prix,"Warm, dry"
572,1976,http://en.wikipedia.org/wiki/1976_Italian_Grand_Prix,
573,1976,http://en.wikipedia.org/wiki/1976_Canadian_Grand_Prix,Mild with temperatures approaching 22 °C (72 °F); wind speeds up to 8.9 kilometres per hour (5.5 mph)[2]
574,1976,http://en.wikipedia.org/wiki/1976_United_States_Grand_Prix,Sunny with temperatures reaching up to 16 °C (61 °F);Winds gusting up to 44.45 km/h (27.62 mph)[2]
575,1976,http://en.wikipedia.org/wiki/1976_Japanese_Grand_Prix,"Very wet and misty, eventually drying"
569,1976,http://en.wikipedia.org/wiki/1976_German_Grand_Prix,"Rain at start, later drying"
548,1977,http://en.wikipedia.org/wiki/1977_Monaco_Grand_Prix,Dry
549,1977,http://en.wikipedia.org/wiki/1977_Belgian_Grand_Prix,Wet
547,1977,http://en.wikipedia.org/wiki/1977_Spanish_Grand_Prix,
545,1977,http://en.wikipedia.org/wiki/1977_South_African_Grand_Prix,Sunny
544,1977,http://en.wikipedia.org/wiki/1977_Brazilian_Grand_Prix,Dry
543,1977,http://en.wikipedia.org/wiki/1977_Argentine_Grand_Prix,Dry
550,1977,http://en.wikipedia.org/wiki/1977_Swedish_Grand_Prix,Dry
546,1977,http://en.wikipedia.org/wiki/1977_United_States_Grand_Prix_West,Temperatures of 68 °F (20 °C); winds of 10.9 miles per hour (17.5 km/h)[1]
551,1977,http://en.wikipedia.org/wiki/1977_French_Grand_Prix,Dry
556,1977,http://en.wikipedia.org/wiki/1977_Italian_Grand_Prix,Dry
553,1977,http://en.wikipedia.org/wiki/1977_German_Grand_Prix,Dry
554,1977,http://en.wikipedia.org/wiki/1977_Austrian_Grand_Prix,"Wet, then drying"
555,1977,http://en.wikipedia.org/wiki/1977_Dutch_Grand_Prix,Dry
557,1977,http://en.wikipedia.org/wiki/1977_United_States_Grand_Prix,Rain with temperatures reaching up to 17 °C (63 °F);Winds gusting up to 23.69 km/h (14.72 mph)[1]
558,1977,http://en.wikipedia.org/wiki/1977_Canadian_Grand_Prix,Cold with temperatures approaching 12 °C (54 °F); wind speeds up to 12.8 kilometres per hour (8.0 mph)[1]
559,1977,http://en.wikipedia.org/wiki/1977_Japanese_Grand_Prix,Dry
552,1977,http://en.wikipedia.org/wiki/1977_British_Grand_Prix,Sunny
533,1978,http://en.wikipedia.org/wiki/1978_Spanish_Grand_Prix,Dry
527,1978,http://en.wikipedia.org/wiki/1978_Argentine_Grand_Prix,Dry
528,1978,http://en.wikipedia.org/wiki/1978_Brazilian_Grand_Prix,"Very hot and humid, 100.4°F (38°C)[1]"
529,1978,http://en.wikipedia.org/wiki/1978_South_African_Grand_Prix,Dry
530,1978,http://en.wikipedia.org/wiki/1978_United_States_Grand_Prix_West,Scattered clouds 17 °C (63 °F)[1]
531,1978,http://en.wikipedia.org/wiki/1978_Monaco_Grand_Prix,Dry
532,1978,http://en.wikipedia.org/wiki/1978_Belgian_Grand_Prix,Dry
534,1978,http://en.wikipedia.org/wiki/1978_Swedish_Grand_Prix,Sunny and warm
541,1978,http://en.wikipedia.org/wiki/1978_United_States_Grand_Prix,"Cloudy, dry"
536,1978,http://en.wikipedia.org/wiki/1978_British_Grand_Prix,Dry
537,1978,http://en.wikipedia.org/wiki/1978_German_Grand_Prix,Dry
538,1978,http://en.wikipedia.org/wiki/1978_Austrian_Grand_Prix,Wet
539,1978,http://en.wikipedia.org/wiki/1978_Dutch_Grand_Prix,Dry
540,1978,http://en.wikipedia.org/wiki/1978_Italian_Grand_Prix,Sunny
542,1978,http://en.wikipedia.org/wiki/1978_Canadian_Grand_Prix,Mostly cloudy5 °C (41 °F)[1]
535,1978,http://en.wikipedia.org/wiki/1978_French_Grand_Prix,Dry
512,1979,http://en.wikipedia.org/wiki/1979_Argentine_Grand_Prix,Dry
513,1979,http://en.wikipedia.org/wiki/1979_Brazilian_Grand_Prix,Dry
514,1979,http://en.wikipedia.org/wiki/1979_South_African_Grand_Prix,Wet
515,1979,http://en.wikipedia.org/wiki/1979_United_States_Grand_Prix_West,Sunny and warm with temperatures reaching up to 66 °F (19 °C); winds gusting up to 8 miles per hour (13 km/h)[1]
516,1979,http://en.wikipedia.org/wiki/1979_Spanish_Grand_Prix,Dry
517,1979,http://en.wikipedia.org/wiki/1979_Belgian_Grand_Prix,Dry
518,1979,http://en.wikipedia.org/wiki/1979_Monaco_Grand_Prix,Dry
520,1979,http://en.wikipedia.org/wiki/1979_British_Grand_Prix,Dry
521,1979,http://en.wikipedia.org/wiki/1979_German_Grand_Prix,Dry
522,1979,http://en.wikipedia.org/wiki/1979_Austrian_Grand_Prix,Dry
523,1979,http://en.wikipedia.org/wiki/1979_Dutch_Grand_Prix,Dry
524,1979,http://en.wikipedia.org/wiki/1979_Italian_Grand_Prix,Dry and sunny
525,1979,http://en.wikipedia.org/wiki/1979_Canadian_Grand_Prix,"Partially cloudy, mild and dry with temperatures reaching up to 21 °C (70 °F); wind speeds up to 18.3 kilometres per hour (11.4 mph)[1]"
526,1979,http://en.wikipedia.org/wiki/1979_United_States_Grand_Prix,Rain with temperatures reaching a maximum of 15 °C (59 °F);Wind speeds up to 27.78 km/h (17.26 mph)[1]
519,1979,http://en.wikipedia.org/wiki/1979_French_Grand_Prix,Dry
503,1980,http://en.wikipedia.org/wiki/1980_Monaco_Grand_Prix,"Dry at the start, damp in the end"
499,1980,http://en.wikipedia.org/wiki/1980_Brazilian_Grand_Prix,Dry
500,1980,http://en.wikipedia.org/wiki/1980_South_African_Grand_Prix,Dry
501,1980,http://en.wikipedia.org/wiki/1980_United_States_Grand_Prix_West,Sunny and warm with temperatures reaching up to 81 °F (27 °C); wind speeds up to 10.9 miles per hour (17.5 km/h)[1]
502,1980,http://en.wikipedia.org/wiki/1980_Belgian_Grand_Prix,Dry
504,1980,http://en.wikipedia.org/wiki/1980_French_Grand_Prix,Dry
498,1980,http://en.wikipedia.org/wiki/1980_Argentine_Grand_Prix,"Sunny, Very hot, Dry"
506,1980,http://en.wikipedia.org/wiki/1980_German_Grand_Prix,"Overcast, Dry"
507,1980,http://en.wikipedia.org/wiki/1980_Austrian_Grand_Prix,"Mild, Dry"
508,1980,http://en.wikipedia.org/wiki/1980_Dutch_Grand_Prix,"Sunny, Mild, Dry"
509,1980,http://en.wikipedia.org/wiki/1980_Italian_Grand_Prix,"Sunny, Mild, Dry"
510,1980,http://en.wikipedia.org/wiki/1980_Canadian_Grand_Prix,Cold and dry with temperatures reaching up to 11 °C (52 °F); wind speeds up to 15.9 kilometres per hour (9.9 mph)[1]
511,1980,http://en.wikipedia.org/wiki/1980_United_States_Grand_Prix,Cloudy and dry with temperatures reaching up to 12 °C (54 °F);Wind speeds up to 14.82 km/h (9.21 mph)[1]
505,1980,http://en.wikipedia.org/wiki/1980_British_Grand_Prix,
483,1981,http://en.wikipedia.org/wiki/1981_United_States_Grand_Prix_West,Sunny and warm with temperatures reaching up to 71.1 °F (21.7 °C); wind speeds approaching 10.9 miles per hour (17.5 km/h)[1]
484,1981,http://en.wikipedia.org/wiki/1981_Brazilian_Grand_Prix,"Overcast, Fresh, Rain"
485,1981,http://en.wikipedia.org/wiki/1981_Argentine_Grand_Prix,"Sunny, dry"
486,1981,http://en.wikipedia.org/wiki/1981_San_Marino_Grand_Prix,"Rain, cold"
487,1981,http://en.wikipedia.org/wiki/1981_Belgian_Grand_Prix,"Dry, then wet at the end"
488,1981,http://en.wikipedia.org/wiki/1981_Monaco_Grand_Prix,Dry
489,1981,http://en.wikipedia.org/wiki/1981_Spanish_Grand_Prix,"Sunny, hot"
490,1981,http://en.wikipedia.org/wiki/1981_French_Grand_Prix,"Dry, then wet at half distance, then dry again"
491,1981,http://en.wikipedia.org/wiki/1981_British_Grand_Prix,Dry
492,1981,http://en.wikipedia.org/wiki/1981_German_Grand_Prix,Wet / Dry
493,1981,http://en.wikipedia.org/wiki/1981_Austrian_Grand_Prix,"Mild, Dry"
494,1981,http://en.wikipedia.org/wiki/1981_Dutch_Grand_Prix,"Sunny, dry"
495,1981,http://en.wikipedia.org/wiki/1981_Italian_Grand_Prix,Dry and sunny
496,1981,http://en.wikipedia.org/wiki/1981_Canadian_Grand_Prix,Wet and cold with temperatures up to 20 °C (68 °F); wind speeds up to 15 kilometres per hour (9.3 mph)[1]
497,1981,http://en.wikipedia.org/wiki/1981_Caesars_Palace_Grand_Prix,Sunny with temperatures reaching up to 75 °F (24 °C); wind speeds approaching speeds up to 11.1 miles per hour (17.9 km/h)[1]
467,1982,http://en.wikipedia.org/wiki/1982_South_African_Grand_Prix,Dry
468,1982,http://en.wikipedia.org/wiki/1982_Brazilian_Grand_Prix,Dry
469,1982,http://en.wikipedia.org/wiki/1982_United_States_Grand_Prix_West,Clear and warm with temperatures reaching up to 63.9 °F (17.7 °C); wind speeds approaching speeds up to 11.8 miles per hour (19.0 km/h)[1]
470,1982,http://en.wikipedia.org/wiki/1982_San_Marino_Grand_Prix,
471,1982,http://en.wikipedia.org/wiki/1982_Belgian_Grand_Prix,Cold with air temperatures reaching up to 13 °C (55 °F)[1]
472,1982,http://en.wikipedia.org/wiki/1982_Monaco_Grand_Prix,"Dry, then Wet"
473,1982,http://en.wikipedia.org/wiki/1982_Detroit_Grand_Prix,Sunny and warm with temperatures reaching up to 72 °F (22 °C); wind speeds up to 16.1 miles per hour (25.9 km/h)[1]
474,1982,http://en.wikipedia.org/wiki/1982_Canadian_Grand_Prix,Overcast and chilly17 °C (63 °F)[1]
482,1982,http://en.wikipedia.org/wiki/1982_Caesars_Palace_Grand_Prix,Sunny with temperatures reaching up to 98.8 °F (37.1 °C); wind speeds approaching 18.1 miles per hour (29.1 km/h)[1]
476,1982,http://en.wikipedia.org/wiki/1982_British_Grand_Prix,
477,1982,http://en.wikipedia.org/wiki/1982_French_Grand_Prix,Dry
478,1982,http://en.wikipedia.org/wiki/1982_German_Grand_Prix,Dry
479,1982,http://en.wikipedia.org/wiki/1982_Austrian_Grand_Prix,"Sunny, hot"
480,1982,http://en.wikipedia.org/wiki/1982_Swiss_Grand_Prix,Dry
481,1982,http://en.wikipedia.org/wiki/1982_Italian_Grand_Prix,Dry
475,1982,http://en.wikipedia.org/wiki/1982_Dutch_Grand_Prix,Cloudy
457,1983,http://en.wikipedia.org/wiki/1983_Belgian_Grand_Prix,
453,1983,http://en.wikipedia.org/wiki/1983_United_States_Grand_Prix_West,Sunny and warm with temperatures reaching up to 65.8 °F (18.8 °C); wind speeds approaching speeds up to 9.9 miles per hour (15.9 km/h)[1]
454,1983,http://en.wikipedia.org/wiki/1983_French_Grand_Prix,"Dry, grey and cool[1]"
455,1983,http://en.wikipedia.org/wiki/1983_San_Marino_Grand_Prix,
456,1983,http://en.wikipedia.org/wiki/1983_Monaco_Grand_Prix,Wet track at the start
452,1983,http://en.wikipedia.org/wiki/1983_Brazilian_Grand_Prix,Dry
458,1983,http://en.wikipedia.org/wiki/1983_Detroit_Grand_Prix,Sunny and warm with temperatures reaching up to 76.8 °F (24.9 °C); wind speeds up to 11.3 miles per hour (18.2 km/h)[1]
462,1983,http://en.wikipedia.org/wiki/1983_Austrian_Grand_Prix,Dry
460,1983,http://en.wikipedia.org/wiki/1983_British_Grand_Prix,
461,1983,http://en.wikipedia.org/wiki/1983_German_Grand_Prix,Dry
463,1983,http://en.wikipedia.org/wiki/1983_Dutch_Grand_Prix,Cloudy
464,1983,http://en.wikipedia.org/wiki/1983_Italian_Grand_Prix,Dry
465,1983,http://en.wikipedia.org/wiki/1983_European_Grand_Prix,Dry
466,1983,http://en.wikipedia.org/wiki/1983_South_African_Grand_Prix,Dry
459,1983,http://en.wikipedia.org/wiki/1983_Canadian_Grand_Prix,Warm with temperatures approaching 30 °C (86 °F); wind speeds up to 15 kilometres per hour (9.3 mph)[1]
438,1984,http://en.wikipedia.org/wiki/1984_Belgian_Grand_Prix,
437,1984,http://en.wikipedia.org/wiki/1984_South_African_Grand_Prix,Dry
436,1984,http://en.wikipedia.org/wiki/1984_Brazilian_Grand_Prix,Dry
441,1984,http://en.wikipedia.org/wiki/1984_Monaco_Grand_Prix,Heavy rain and spray
442,1984,http://en.wikipedia.org/wiki/1984_Canadian_Grand_Prix,Dry with temperatures approaching 26 °C (79 °F); wind speeds up to 12.9 kilometres per hour (8.0 mph)[1]
443,1984,http://en.wikipedia.org/wiki/1984_Detroit_Grand_Prix,Sunny and warm with temperatures reaching up to 77.9 °F (25.5 °C); wind speeds up to 11.3 miles per hour (18.2 km/h)[1]
444,1984,http://en.wikipedia.org/wiki/1984_Dallas_Grand_Prix,Sunny with temperatures reaching up to 100 °F (38 °C); wind speeds of 14 miles per hour (23 km/h)[1]
440,1984,http://en.wikipedia.org/wiki/1984_French_Grand_Prix,Dry
446,1984,http://en.wikipedia.org/wiki/1984_German_Grand_Prix,Dry
447,1984,http://en.wikipedia.org/wiki/1984_Austrian_Grand_Prix,Dry
448,1984,http://en.wikipedia.org/wiki/1984_Dutch_Grand_Prix,Sunny
439,1984,http://en.wikipedia.org/wiki/1984_San_Marino_Grand_Prix,
449,1984,http://en.wikipedia.org/wiki/1984_Italian_Grand_Prix,Dry
451,1984,http://en.wikipedia.org/wiki/1984_Portuguese_Grand_Prix,Dry
450,1984,http://en.wikipedia.org/wiki/1984_European_Grand_Prix,Sunny
445,1984,http://en.wikipedia.org/wiki/1984_British_Grand_Prix,
435,1985,http://en.wikipedia.org/wiki/1985_Australian_Grand_Prix,Sunny
434,1985,http://en.wikipedia.org/wiki/1985_South_African_Grand_Prix,"Sunny, hot and dry"
433,1985,http://en.wikipedia.org/wiki/1985_European_Grand_Prix,
432,1985,http://en.wikipedia.org/wiki/1985_Belgian_Grand_Prix,"Wet/Dry, drying up in later stages"
431,1985,http://en.wikipedia.org/wiki/1985_Italian_Grand_Prix,Dry
428,1985,http://en.wikipedia.org/wiki/1985_German_Grand_Prix,Dry
429,1985,http://en.wikipedia.org/wiki/1985_Austrian_Grand_Prix,Dry
427,1985,http://en.wikipedia.org/wiki/1985_British_Grand_Prix,"Cool, overcast"
426,1985,http://en.wikipedia.org/wiki/1985_French_Grand_Prix,"Dry, hot[2]"
425,1985,http://en.wikipedia.org/wiki/1985_Detroit_Grand_Prix,Clear and cool with temperatures reaching up to 80.1 °F (26.7 °C); wind speeds up to 23 miles per hour (37 km/h)[1]
424,1985,http://en.wikipedia.org/wiki/1985_Canadian_Grand_Prix,Sunny with temperatures approaching 20.5 °C (68.9 °F); wind speeds up to 12.9 kilometres per hour (8.0 mph)[1]
423,1985,http://en.wikipedia.org/wiki/1985_Monaco_Grand_Prix,Dry
422,1985,http://en.wikipedia.org/wiki/1985_San_Marino_Grand_Prix,
420,1985,http://en.wikipedia.org/wiki/1985_Brazilian_Grand_Prix,"Dry, 34 °C (93 °F) air temperature"
430,1985,http://en.wikipedia.org/wiki/1985_Dutch_Grand_Prix,Sunny
421,1985,http://en.wikipedia.org/wiki/1985_Portuguese_Grand_Prix,"Overcast, Cold, Rain"
413,1986,http://en.wikipedia.org/wiki/1986_German_Grand_Prix,Dry
418,1986,http://en.wikipedia.org/wiki/1986_Mexican_Grand_Prix,Sunny and hot
404,1986,http://en.wikipedia.org/wiki/1986_Brazilian_Grand_Prix,"Hot, dry and sunny"
405,1986,http://en.wikipedia.org/wiki/1986_Spanish_Grand_Prix,"Warm, dry and sunny"
406,1986,http://en.wikipedia.org/wiki/1986_San_Marino_Grand_Prix,"Overcast, warm"
407,1986,http://en.wikipedia.org/wiki/1986_Monaco_Grand_Prix,"Sunny, mild, dry"
409,1986,http://en.wikipedia.org/wiki/1986_Canadian_Grand_Prix,Dry with temperatures approaching 25 °C (77 °F); wind speeds up to 20.5 km/h (12.7 mph)[1]
410,1986,http://en.wikipedia.org/wiki/1986_Detroit_Grand_Prix,Cloudy and hot with temperatures reaching up to 91 °F (33 °C); wind speeds up to 23 miles per hour (37 km/h)[1]
408,1986,http://en.wikipedia.org/wiki/1986_Belgian_Grand_Prix,Dry
412,1986,http://en.wikipedia.org/wiki/1986_British_Grand_Prix,Sunny
419,1986,http://en.wikipedia.org/wiki/1986_Australian_Grand_Prix,Sunny
414,1986,http://en.wikipedia.org/wiki/1986_Hungarian_Grand_Prix,
415,1986,http://en.wikipedia.org/wiki/1986_Austrian_Grand_Prix,Dry
416,1986,http://en.wikipedia.org/wiki/1986_Italian_Grand_Prix,Dry
417,1986,http://en.wikipedia.org/wiki/1986_Portuguese_Grand_Prix,Dry
411,1986,http://en.wikipedia.org/wiki/1986_French_Grand_Prix,Dry
394,1987,http://en.wikipedia.org/wiki/1987_British_Grand_Prix,Sunny and warm
388,1987,http://en.wikipedia.org/wiki/1987_Brazilian_Grand_Prix,Sunny
389,1987,http://en.wikipedia.org/wiki/1987_San_Marino_Grand_Prix,"Sunny, warm"
390,1987,http://en.wikipedia.org/wiki/1987_Belgian_Grand_Prix,Cloudy and cool
391,1987,http://en.wikipedia.org/wiki/1987_Monaco_Grand_Prix,Sunny and warm
393,1987,http://en.wikipedia.org/wiki/1987_French_Grand_Prix,Sunny and hot
395,1987,http://en.wikipedia.org/wiki/1987_German_Grand_Prix,
392,1987,http://en.wikipedia.org/wiki/1987_Detroit_Grand_Prix,Clear with rain showers later on; temperatures reaching up to 78.1 °F (25.6 °C); wind speeds up to 19.6 miles per hour (31.5 km/h)[1]
397,1987,http://en.wikipedia.org/wiki/1987_Austrian_Grand_Prix,Dry
398,1987,http://en.wikipedia.org/wiki/1987_Italian_Grand_Prix,Dry
399,1987,http://en.wikipedia.org/wiki/1987_Portuguese_Grand_Prix,Dry
400,1987,http://en.wikipedia.org/wiki/1987_Spanish_Grand_Prix,Sunny and hot
401,1987,http://en.wikipedia.org/wiki/1987_Mexican_Grand_Prix,Sunny and hot
402,1987,http://en.wikipedia.org/wiki/1987_Japanese_Grand_Prix,Dry
403,1987,http://en.wikipedia.org/wiki/1987_Australian_Grand_Prix,Sunny
396,1987,http://en.wikipedia.org/wiki/1987_Hungarian_Grand_Prix,Dry
372,1988,http://en.wikipedia.org/wiki/1988_Brazilian_Grand_Prix,Cloudy and hot
373,1988,http://en.wikipedia.org/wiki/1988_San_Marino_Grand_Prix,"Sunny, warm"
374,1988,http://en.wikipedia.org/wiki/1988_Monaco_Grand_Prix,Warm and dry
375,1988,http://en.wikipedia.org/wiki/1988_Mexican_Grand_Prix,Sunny and hot
376,1988,http://en.wikipedia.org/wiki/1988_Canadian_Grand_Prix,Sunny and hot with temperatures up to 29 °C (84 °F); wind speeds up to 19 kilometres per hour (12 mph)[1]
377,1988,http://en.wikipedia.org/wiki/1988_Detroit_Grand_Prix,Warm and sunny with temperatures up to 91.9 °F (33.3 °C); wind speeds up to 11.1 miles per hour (17.9 km/h)[1]
378,1988,http://en.wikipedia.org/wiki/1988_French_Grand_Prix,Sunny and hot
379,1988,http://en.wikipedia.org/wiki/1988_British_Grand_Prix,Wet and cool
380,1988,http://en.wikipedia.org/wiki/1988_German_Grand_Prix,Wet and cool
382,1988,http://en.wikipedia.org/wiki/1988_Belgian_Grand_Prix,"Warm, dry and overcast"
383,1988,http://en.wikipedia.org/wiki/1988_Italian_Grand_Prix,Sunny and hot
384,1988,http://en.wikipedia.org/wiki/1988_Portuguese_Grand_Prix,Sunny and hot
385,1988,http://en.wikipedia.org/wiki/1988_Spanish_Grand_Prix,Sunny and hot
386,1988,http://en.wikipedia.org/wiki/1988_Japanese_Grand_Prix,"Cool and mainly dry, some rain toward the end"
387,1988,http://en.wikipedia.org/wiki/1988_Australian_Grand_Prix,Cloudy and hot
381,1988,http://en.wikipedia.org/wiki/1988_Hungarian_Grand_Prix,Sunny and hot
362,1989,http://en.wikipedia.org/wiki/1989_French_Grand_Prix,"Hot, dry, sunny"
356,1989,http://en.wikipedia.org/wiki/1989_Brazilian_Grand_Prix,"Very hot, dry, sunny"
357,1989,http://en.wikipedia.org/wiki/1989_San_Marino_Grand_Prix,"Warm, dry, sunny"
358,1989,http://en.wikipedia.org/wiki/1989_Monaco_Grand_Prix,"Warm, dry, sunny"
359,1989,http://en.wikipedia.org/wiki/1989_Mexican_Grand_Prix,"Hot, dry, partly sunny 25°C/79°F, 40% Humidity, wind NW-10mph"
361,1989,http://en.wikipedia.org/wiki/1989_Canadian_Grand_Prix,Cool and rainy with temperatures approaching 24 °C (75 °F); wind speeds up to 17.9 kilometres per hour (11.1 mph)[1]
363,1989,http://en.wikipedia.org/wiki/1989_British_Grand_Prix,"Warm, dry, sunny"
360,1989,http://en.wikipedia.org/wiki/1989_United_States_Grand_Prix,"Hot, sunny; temperature up to maximum of 38.3 °C (100.9 °F)[1]"
365,1989,http://en.wikipedia.org/wiki/1989_Hungarian_Grand_Prix,Cloudy
366,1989,http://en.wikipedia.org/wiki/1989_Belgian_Grand_Prix,"Wet, cloudy, cool"
367,1989,http://en.wikipedia.org/wiki/1989_Italian_Grand_Prix,"Hot, dry, sunny"
368,1989,http://en.wikipedia.org/wiki/1989_Portuguese_Grand_Prix,"Hot, dry, sunny"
369,1989,http://en.wikipedia.org/wiki/1989_Spanish_Grand_Prix,"Dry, hot, sunny"
370,1989,http://en.wikipedia.org/wiki/1989_Japanese_Grand_Prix,"Dry, warm, cloudy"
371,1989,http://en.wikipedia.org/wiki/1989_Australian_Grand_Prix,"Wet, cool"
364,1989,http://en.wikipedia.org/wiki/1989_German_Grand_Prix,"Warm, cloudy"
334,1990,http://en.wikipedia.org/wiki/1990_Spanish_Grand_Prix,"Dry, hot, sunny"
333,1990,http://en.wikipedia.org/wiki/1990_Portuguese_Grand_Prix,
332,1990,http://en.wikipedia.org/wiki/1990_Italian_Grand_Prix,"Hot, dry, sunny"
331,1990,http://en.wikipedia.org/wiki/1990_Belgian_Grand_Prix,Dry
329,1990,http://en.wikipedia.org/wiki/1990_German_Grand_Prix,"Hot, dry, sunny"
328,1990,http://en.wikipedia.org/wiki/1990_British_Grand_Prix,"Hot, dry, sunny"
325,1990,http://en.wikipedia.org/wiki/1990_Canadian_Grand_Prix,Warm and cloudy with temperatures approaching 19.8 °C (67.6 °F); wind speeds up to 27.8 kilometres per hour (17.3 mph)[1]
326,1990,http://en.wikipedia.org/wiki/1990_Mexican_Grand_Prix,Overcast21 °C (70 °F)[1]
335,1990,http://en.wikipedia.org/wiki/1990_Japanese_Grand_Prix,Sunny
324,1990,http://en.wikipedia.org/wiki/1990_Monaco_Grand_Prix,"Warm, dry, sunny"
323,1990,http://en.wikipedia.org/wiki/1990_San_Marino_Grand_Prix,"Warm, dry, sunny"
322,1990,http://en.wikipedia.org/wiki/1990_Brazilian_Grand_Prix,"Hot, dry, sunny"
321,1990,http://en.wikipedia.org/wiki/1990_United_States_Grand_Prix,Cloudy and cool with temperatures reaching up to 18 °C (64 °F)[1]
327,1990,http://en.wikipedia.org/wiki/1990_French_Grand_Prix,"Hot, dry, sunny"
336,1990,http://en.wikipedia.org/wiki/1990_Australian_Grand_Prix,Sunny
330,1990,http://en.wikipedia.org/wiki/1990_Hungarian_Grand_Prix,Dry
318,1991,http://en.wikipedia.org/wiki/1991_Spanish_Grand_Prix,"Warm and overcast, drying"
319,1991,http://en.wikipedia.org/wiki/1991_Japanese_Grand_Prix,"Sunny, warm"
320,1991,http://en.wikipedia.org/wiki/1991_Australian_Grand_Prix,Torrential rain
315,1991,http://en.wikipedia.org/wiki/1991_Belgian_Grand_Prix,Sunny and hot
314,1991,http://en.wikipedia.org/wiki/1991_Hungarian_Grand_Prix,"Hot dry, sunny"
313,1991,http://en.wikipedia.org/wiki/1991_German_Grand_Prix,Hot and sunny
312,1991,http://en.wikipedia.org/wiki/1991_British_Grand_Prix,"Hot, dry, sunny"
311,1991,http://en.wikipedia.org/wiki/1991_French_Grand_Prix,
316,1991,http://en.wikipedia.org/wiki/1991_Italian_Grand_Prix,Sunny and warm
310,1991,http://en.wikipedia.org/wiki/1991_Mexican_Grand_Prix,Mostly Cloudy24 °C (75 °F)[1]
308,1991,http://en.wikipedia.org/wiki/1991_Monaco_Grand_Prix,"Cloudy, mild, dry"
307,1991,http://en.wikipedia.org/wiki/1991_San_Marino_Grand_Prix,"Wet at start, dry by finish"
306,1991,http://en.wikipedia.org/wiki/1991_Brazilian_Grand_Prix,"Cloudy at start, rainy later. Ambient temperature: 29.4°C (85°F).Humidity: 95%.Wind speed: 33.7 km/h (21 mph)."
305,1991,http://en.wikipedia.org/wiki/1991_United_States_Grand_Prix,Overcast25 °C (77 °F)[1]
309,1991,http://en.wikipedia.org/wiki/1991_Canadian_Grand_Prix,Mild with temperatures approaching 25 °C (77 °F);Wind speeds up to 12 km/h (7.5 mph)[1]
317,1991,http://en.wikipedia.org/wiki/1991_Portuguese_Grand_Prix,Sunny and warm
299,1992,http://en.wikipedia.org/wiki/1992_Hungarian_Grand_Prix,Dry
304,1992,http://en.wikipedia.org/wiki/1992_Australian_Grand_Prix,Cloudy
303,1992,http://en.wikipedia.org/wiki/1992_Japanese_Grand_Prix,"Dry, warm, cloudy"
302,1992,http://en.wikipedia.org/wiki/1992_Portuguese_Grand_Prix,"Dry, sunny, windy"
297,1992,http://en.wikipedia.org/wiki/1992_British_Grand_Prix,Dry
301,1992,http://en.wikipedia.org/wiki/1992_Italian_Grand_Prix,Sunny and warm
296,1992,http://en.wikipedia.org/wiki/1992_French_Grand_Prix,"Dry, then raining"
295,1992,http://en.wikipedia.org/wiki/1992_Canadian_Grand_Prix,Dry with temperatures reaching up to 25 °C (77 °F);Wind speeds up to 14 km/h (8.7 mph)[1]
294,1992,http://en.wikipedia.org/wiki/1992_Monaco_Grand_Prix,Dry
293,1992,http://en.wikipedia.org/wiki/1992_San_Marino_Grand_Prix,Sunny
292,1992,http://en.wikipedia.org/wiki/1992_Spanish_Grand_Prix,"Dry at start, wet later"
291,1992,http://en.wikipedia.org/wiki/1992_Brazilian_Grand_Prix,Dry
298,1992,http://en.wikipedia.org/wiki/1992_German_Grand_Prix,Dry
290,1992,http://en.wikipedia.org/wiki/1992_Mexican_Grand_Prix,Scattered clouds27 °C (81 °F)[1]
289,1992,http://en.wikipedia.org/wiki/1992_South_African_Grand_Prix,"Hot, dry and dull"
300,1992,http://en.wikipedia.org/wiki/1992_Belgian_Grand_Prix,"Overcast, brief rain mid-race"
288,1993,http://en.wikipedia.org/wiki/1993_Australian_Grand_Prix,Sunny
287,1993,http://en.wikipedia.org/wiki/1993_Japanese_Grand_Prix,"Dry/wet, warm, cloudy"
286,1993,http://en.wikipedia.org/wiki/1993_Portuguese_Grand_Prix,"Dry, sunny, windy"
285,1993,http://en.wikipedia.org/wiki/1993_Italian_Grand_Prix,Hot and sunny
284,1993,http://en.wikipedia.org/wiki/1993_Belgian_Grand_Prix,Sunny and clear
283,1993,http://en.wikipedia.org/wiki/1993_Hungarian_Grand_Prix,
282,1993,http://en.wikipedia.org/wiki/1993_German_Grand_Prix,Dry
280,1993,http://en.wikipedia.org/wiki/1993_French_Grand_Prix,
279,1993,http://en.wikipedia.org/wiki/1993_Canadian_Grand_Prix,Temperatures reaching up to 29.0 °C (84.2 °F);Wind speeds up to 18.3 km/h (11.4 mph)[1]
278,1993,http://en.wikipedia.org/wiki/1993_Monaco_Grand_Prix,"Partly cloudy, mild, dry"
277,1993,http://en.wikipedia.org/wiki/1993_Spanish_Grand_Prix,Sunny
276,1993,http://en.wikipedia.org/wiki/1993_San_Marino_Grand_Prix,"Wet at start, dry later"
275,1993,http://en.wikipedia.org/wiki/1993_European_Grand_Prix,"Very cold, rain with dry spells"
274,1993,http://en.wikipedia.org/wiki/1993_Brazilian_Grand_Prix,Dry first then torrential rain for a short period; later drying and staying dry for the rest of the race
273,1993,http://en.wikipedia.org/wiki/1993_South_African_Grand_Prix,"Very hot and humid, with torrential thunderstorms. Air temp: 33 °C (91 °F)"
281,1993,http://en.wikipedia.org/wiki/1993_British_Grand_Prix,Dry
257,1994,http://en.wikipedia.org/wiki/1994_Brazilian_Grand_Prix,Sunny
258,1994,http://en.wikipedia.org/wiki/1994_Pacific_Grand_Prix,Sunny
259,1994,http://en.wikipedia.org/wiki/1994_San_Marino_Grand_Prix,Sunny
260,1994,http://en.wikipedia.org/wiki/1994_Monaco_Grand_Prix,Sunny
261,1994,http://en.wikipedia.org/wiki/1994_Spanish_Grand_Prix,Sunny
262,1994,http://en.wikipedia.org/wiki/1994_Canadian_Grand_Prix,Temperatures approaching 26.3 °C (79.3 °F);Wind speeds up to 21 km/h (13 mph)[1]
263,1994,http://en.wikipedia.org/wiki/1994_French_Grand_Prix,Sunny
265,1994,http://en.wikipedia.org/wiki/1994_German_Grand_Prix,Sunny
266,1994,http://en.wikipedia.org/wiki/1994_Hungarian_Grand_Prix,Sunny
267,1994,http://en.wikipedia.org/wiki/1994_Belgian_Grand_Prix,Sunny
268,1994,http://en.wikipedia.org/wiki/1994_Italian_Grand_Prix,Sunny
269,1994,http://en.wikipedia.org/wiki/1994_Portuguese_Grand_Prix,Sunny
270,1994,http://en.wikipedia.org/wiki/1994_European_Grand_Prix,Sunny
271,1994,http://en.wikipedia.org/wiki/1994_Japanese_Grand_Prix,"Heavy rain, followed by light showers"
272,1994,http://en.wikipedia.org/wiki/1994_Australian_Grand_Prix,Sunny with clouds
264,1994,http://en.wikipedia.org/wiki/1994_British_Grand_Prix,Sunny
240,1995,http://en.wikipedia.org/wiki/1995_Brazilian_Grand_Prix,Overcast
241,1995,http://en.wikipedia.org/wiki/1995_Argentine_Grand_Prix,Cloudy
242,1995,http://en.wikipedia.org/wiki/1995_San_Marino_Grand_Prix,"Heavy rain before the start, before brightening up"
243,1995,http://en.wikipedia.org/wiki/1995_Spanish_Grand_Prix,Sunny
244,1995,http://en.wikipedia.org/wiki/1995_Monaco_Grand_Prix,"Warm, sunny"
245,1995,http://en.wikipedia.org/wiki/1995_Canadian_Grand_Prix,"Cloudy at start, sunny later with temperatures reaching up to 24.3 °C (75.7 °F)Wind speeds up to 8 km/h (5.0 mph)[1]"
246,1995,http://en.wikipedia.org/wiki/1995_French_Grand_Prix,"Cloudy, light drizzle at times"
247,1995,http://en.wikipedia.org/wiki/1995_British_Grand_Prix,"Warm, cloudy, windy"
249,1995,http://en.wikipedia.org/wiki/1995_Hungarian_Grand_Prix,Sunny
250,1995,http://en.wikipedia.org/wiki/1995_Belgian_Grand_Prix,"Cloudy, then heavy rain"
251,1995,http://en.wikipedia.org/wiki/1995_Italian_Grand_Prix,Sunny
252,1995,http://en.wikipedia.org/wiki/1995_Portuguese_Grand_Prix,Sunny
253,1995,http://en.wikipedia.org/wiki/1995_European_Grand_Prix,"Rain, later dried out, air temperature 11 °C (52 °F)"
254,1995,http://en.wikipedia.org/wiki/1995_Pacific_Grand_Prix,"Cloudy, dry"
255,1995,http://en.wikipedia.org/wiki/1995_Japanese_Grand_Prix,"Rain, later dried out"
256,1995,http://en.wikipedia.org/wiki/1995_Australian_Grand_Prix,Sunny[2]
248,1995,http://en.wikipedia.org/wiki/1995_German_Grand_Prix,"Sunny, 28 °C (82 °F)"
224,1996,http://en.wikipedia.org/wiki/1996_Australian_Grand_Prix,Dry with temperatures reaching up to 23 °C (73 °F)[1]
225,1996,http://en.wikipedia.org/wiki/1996_Brazilian_Grand_Prix,"Thunderstorm, then drying with temperatures reaching up to 24 °C (75 °F)[1]"
226,1996,http://en.wikipedia.org/wiki/1996_Argentine_Grand_Prix,Dry with temperatures reaching up to 21 °C (70 °F)[1]
227,1996,http://en.wikipedia.org/wiki/1996_European_Grand_Prix,"Cloudy, but dry"
228,1996,http://en.wikipedia.org/wiki/1996_San_Marino_Grand_Prix,Sunny
229,1996,http://en.wikipedia.org/wiki/1996_Monaco_Grand_Prix,"Overcast, mild, wet at first, drying later, light rain at finish"
230,1996,http://en.wikipedia.org/wiki/1996_Spanish_Grand_Prix,Rain
231,1996,http://en.wikipedia.org/wiki/1996_Canadian_Grand_Prix,Mostly sunny and warm with temperatures approaching 26 °C (79 °F)[1]
233,1996,http://en.wikipedia.org/wiki/1996_British_Grand_Prix,Warm and sunny with temperatures reaching up to 25 °C (77 °F)[1]
234,1996,http://en.wikipedia.org/wiki/1996_German_Grand_Prix,"Sunny, dry"
235,1996,http://en.wikipedia.org/wiki/1996_Hungarian_Grand_Prix,Sunny with temperatures reaching up to 27 °C (81 °F)[2]
236,1996,http://en.wikipedia.org/wiki/1996_Belgian_Grand_Prix,Overcast and dry with temperatures reaching up to 17 °C (63 °F)[2]
237,1996,http://en.wikipedia.org/wiki/1996_Italian_Grand_Prix,Dry
238,1996,http://en.wikipedia.org/wiki/1996_Portuguese_Grand_Prix,Mostly sunny with ambient temperatures reaching 25 °C during the day.
239,1996,http://en.wikipedia.org/wiki/1996_Japanese_Grand_Prix,"Sunny, mild and dry"
232,1996,http://en.wikipedia.org/wiki/1996_French_Grand_Prix,Dry
207,1997,http://en.wikipedia.org/wiki/1997_Australian_Grand_Prix,"Partly Cloudy, Dry"
208,1997,http://en.wikipedia.org/wiki/1997_Brazilian_Grand_Prix,Overcast and dry with temperatures reaching up to 23 °C (73 °F)[1]
209,1997,http://en.wikipedia.org/wiki/1997_Argentine_Grand_Prix,"Partially cloudy and dry, with temperatures reaching up to 21 °C (70 °F)[1]"
210,1997,http://en.wikipedia.org/wiki/1997_San_Marino_Grand_Prix,"Cloudy, Dry, 17 °C"
211,1997,http://en.wikipedia.org/wiki/1997_Monaco_Grand_Prix,"Overcast, cold and rain, air temperature 11 °C (52 °F)"
212,1997,http://en.wikipedia.org/wiki/1997_Spanish_Grand_Prix,Clear
213,1997,http://en.wikipedia.org/wiki/1997_Canadian_Grand_Prix,Clear and mild with temperatures approaching 22.7 °C (72.9 °F)Wind speeds up to 4.1 km/h (2.5 mph)[1]
216,1997,http://en.wikipedia.org/wiki/1997_German_Grand_Prix,"Sunny, dry track"
215,1997,http://en.wikipedia.org/wiki/1997_British_Grand_Prix,"Sunny, Dry Track"
217,1997,http://en.wikipedia.org/wiki/1997_Hungarian_Grand_Prix,"Sunny, Dry Track, 27°C"
218,1997,http://en.wikipedia.org/wiki/1997_Belgian_Grand_Prix,"Wet, then drying out with temperatures reaching up to 28 °C (82 °F)[2]"
219,1997,http://en.wikipedia.org/wiki/1997_Italian_Grand_Prix,Dry with temperatures reaching up to 29 °C (84 °F)[1]
220,1997,http://en.wikipedia.org/wiki/1997_Austrian_Grand_Prix,Sunny
221,1997,http://en.wikipedia.org/wiki/1997_Luxembourg_Grand_Prix,"Partially cloudy, mild and dry"
222,1997,http://en.wikipedia.org/wiki/1997_Japanese_Grand_Prix,Sunny[3]
223,1997,http://en.wikipedia.org/wiki/1997_European_Grand_Prix,Sunny with temperatures reaching up to 25 °C (77 °F)[3]
214,1997,http://en.wikipedia.org/wiki/1997_French_Grand_Prix,"Dry at first, rain in closing stages"
191,1998,http://en.wikipedia.org/wiki/1998_Australian_Grand_Prix,"Clear with maximum temperatures reaching 24 degrees at the start, increasing to 30 degrees by the end of the race."
192,1998,http://en.wikipedia.org/wiki/1998_Brazilian_Grand_Prix,"Mostly cloudy, 31 °C (88 °F)"
193,1998,http://en.wikipedia.org/wiki/1998_Argentine_Grand_Prix,Cloudy with variable levels of dryness; temperatures reaching up to 19 °C (66 °F)[2]
194,1998,http://en.wikipedia.org/wiki/1998_San_Marino_Grand_Prix,"Sunny, 25 °C"
195,1998,http://en.wikipedia.org/wiki/1998_Spanish_Grand_Prix,Sunny and warm
196,1998,http://en.wikipedia.org/wiki/1998_Monaco_Grand_Prix,Hot and sunny with temperatures reaching up to 22 °C (72 °F)[1]
197,1998,http://en.wikipedia.org/wiki/1998_Canadian_Grand_Prix,Cool and overcast with air temperatures reaching up to 16.0 °C (60.8 °F)Wind speeds up to 2.9 km/h (1.8 mph) reported[1]
198,1998,http://en.wikipedia.org/wiki/1998_French_Grand_Prix,"Sunny, warm"
199,1998,http://en.wikipedia.org/wiki/1998_British_Grand_Prix,"Rain, Wet Track"
200,1998,http://en.wikipedia.org/wiki/1998_Austrian_Grand_Prix,Sunny
201,1998,http://en.wikipedia.org/wiki/1998_German_Grand_Prix,Cloudy but dry
202,1998,http://en.wikipedia.org/wiki/1998_Hungarian_Grand_Prix,"Cloudy, hot, dry; 30 °C (86 °F)"
203,1998,http://en.wikipedia.org/wiki/1998_Belgian_Grand_Prix,Cold and wet with rain becoming heavier
204,1998,http://en.wikipedia.org/wiki/1998_Italian_Grand_Prix,Sunny
205,1998,http://en.wikipedia.org/wiki/1998_Luxembourg_Grand_Prix,"Cloudy, cold, dry"
206,1998,http://en.wikipedia.org/wiki/1998_Japanese_Grand_Prix,Fine
175,1999,http://en.wikipedia.org/wiki/1999_Australian_Grand_Prix,Sunny and dry with temperatures reaching up to 19 °C (66 °F)[1]
176,1999,http://en.wikipedia.org/wiki/1999_Brazilian_Grand_Prix,"Sunny, hot, dry 25 °C (77 °F)[1]"
177,1999,http://en.wikipedia.org/wiki/1999_San_Marino_Grand_Prix,"Sunny, mild, dry, 23 °C"
178,1999,http://en.wikipedia.org/wiki/1999_Monaco_Grand_Prix,"Sunny, hot, dry"
179,1999,http://en.wikipedia.org/wiki/1999_Spanish_Grand_Prix,"Cloudy, hot, dry 22 °C (72 °F)[2]"
180,1999,http://en.wikipedia.org/wiki/1999_Canadian_Grand_Prix,Hot with temperatures approaching 31.0 °C (87.8 °F)Wind speeds up to 5.1 km/h (3.2 mph)[1]Track 41–43 °C (106–109 °F)
181,1999,http://en.wikipedia.org/wiki/1999_French_Grand_Prix,"Overcast, mild, dry at first, rain later on"
189,1999,http://en.wikipedia.org/wiki/1999_Malaysian_Grand_Prix,"Cloudy, hot, dry"
190,1999,http://en.wikipedia.org/wiki/1999_Japanese_Grand_Prix,"Overcast, mild, dry"
188,1999,http://en.wikipedia.org/wiki/1999_European_Grand_Prix,Wet/Dry
187,1999,http://en.wikipedia.org/wiki/1999_Italian_Grand_Prix,Hot and dry with temperatures reaching up to 30 °C (86 °F)[1]
182,1999,http://en.wikipedia.org/wiki/1999_British_Grand_Prix,"Sunny, mild, dry"
185,1999,http://en.wikipedia.org/wiki/1999_Hungarian_Grand_Prix,"Partially cloudy, hot, dry, Air: 25 °C (77 °F), Track 37 °C (99 °F)"
184,1999,http://en.wikipedia.org/wiki/1999_German_Grand_Prix,"Partially cloudy, very hot, dry"
183,1999,http://en.wikipedia.org/wiki/1999_Austrian_Grand_Prix,"Overcast, mild, dry"
186,1999,http://en.wikipedia.org/wiki/1999_Belgian_Grand_Prix,"Partially cloudy, mild, dry"
164,2000,http://en.wikipedia.org/wiki/2000_Monaco_Grand_Prix,Sunny
158,2000,http://en.wikipedia.org/wiki/2000_Australian_Grand_Prix,"Sunny,[3] Air Temp: 20 °C"
159,2000,http://en.wikipedia.org/wiki/2000_Brazilian_Grand_Prix,"Sunny with some clouds, Air: 22 °C (72 °F), Track: 35 °C (95 °F)"
160,2000,http://en.wikipedia.org/wiki/2000_San_Marino_Grand_Prix,"Overcast, mild, dry; 16 °C (61 °F)"
161,2000,http://en.wikipedia.org/wiki/2000_British_Grand_Prix,"Sunny, mild, dry, Air Temp: 10 °C (50 °F)"
162,2000,http://en.wikipedia.org/wiki/2000_Spanish_Grand_Prix,"Sunny, Mild, Dry"
163,2000,http://en.wikipedia.org/wiki/2000_European_Grand_Prix,"Dry at first, rain later on, Air: 11 °C (52 °F), Track: 12 °C (54 °F)"
165,2000,http://en.wikipedia.org/wiki/2000_Canadian_Grand_Prix,"Cloudy and raining; Air 17 °C (63 °F),Track 21 °C (70 °F)"
168,2000,http://en.wikipedia.org/wiki/2000_German_Grand_Prix,Dry/Wet
167,2000,http://en.wikipedia.org/wiki/2000_Austrian_Grand_Prix,"Partially cloudy, dry"
169,2000,http://en.wikipedia.org/wiki/2000_Hungarian_Grand_Prix,"Partially cloudy, very hot, dry"
170,2000,http://en.wikipedia.org/wiki/2000_Belgian_Grand_Prix,"Wet at start, drying, Air & track temperature; 15 °C (59 °F)"
171,2000,http://en.wikipedia.org/wiki/2000_Italian_Grand_Prix,Sunny with temperatures reaching up to 29 °C (84 °F)[4]
172,2000,http://en.wikipedia.org/wiki/2000_United_States_Grand_Prix,"Cloudy, drying, Air 12 °C (54 °F);Track 14 °C (57 °F)"
173,2000,http://en.wikipedia.org/wiki/2000_Japanese_Grand_Prix,Dry/wet
174,2000,http://en.wikipedia.org/wiki/2000_Malaysian_Grand_Prix,"Overcast, Very hot, Dry"
166,2000,http://en.wikipedia.org/wiki/2000_French_Grand_Prix,"Sunny, dry, Air Temp: 27°C"
145,2001,http://en.wikipedia.org/wiki/2001_Spanish_Grand_Prix,"Overcast, Mild, Dry, Air Temp: 18°C"
144,2001,http://en.wikipedia.org/wiki/2001_San_Marino_Grand_Prix,"Sunny. Air Temp: 14 °C (57 °F), Track 26 °C (79 °F)"
146,2001,http://en.wikipedia.org/wiki/2001_Austrian_Grand_Prix,"Sunny, Air: 18 to 19 °C (64 to 66 °F), Track 18 to 32 °C (64 to 90 °F)"
142,2001,http://en.wikipedia.org/wiki/2001_Malaysian_Grand_Prix,"Rain and Thunderstorms at start, dry later; Air Temp at start: 32 °C (90 °F)"
141,2001,http://en.wikipedia.org/wiki/2001_Australian_Grand_Prix,"Cloudy, sunny later"
143,2001,http://en.wikipedia.org/wiki/2001_Brazilian_Grand_Prix,"Dry first, rain and thunderstorms later"
147,2001,http://en.wikipedia.org/wiki/2001_Monaco_Grand_Prix,"Warm and Sunny, Air Temp: 23 °C (73 °F), Track 36 to 39 °C (97 to 102 °F)"
157,2001,http://en.wikipedia.org/wiki/2001_Japanese_Grand_Prix,"Cloudy, mild, dry, air temp: 24°C"
149,2001,http://en.wikipedia.org/wiki/2001_European_Grand_Prix,"Sunny, mild, dry, Air Temp: 21°C"
150,2001,http://en.wikipedia.org/wiki/2001_French_Grand_Prix,Sunny
151,2001,http://en.wikipedia.org/wiki/2001_British_Grand_Prix,"Partially cloudy, mild, dry, Air Temp: 16 °C (61 °F), Track 27 °C (81 °F)"
152,2001,http://en.wikipedia.org/wiki/2001_German_Grand_Prix,"Partially cloudy, very hot, dry"
153,2001,http://en.wikipedia.org/wiki/2001_Hungarian_Grand_Prix,"Hot, dry and partially cloudy"
154,2001,http://en.wikipedia.org/wiki/2001_Belgian_Grand_Prix,"Overcast, mild, dry, Air Temp: 12 to 16 °C (54 to 61 °F)"
155,2001,http://en.wikipedia.org/wiki/2001_Italian_Grand_Prix,"Sunny, partly cloudy, Air: 19 to 20 °C (66 to 68 °F), Track 26 °C (79 °F)"
148,2001,http://en.wikipedia.org/wiki/2001_Canadian_Grand_Prix,Sunny
156,2001,http://en.wikipedia.org/wiki/2001_United_States_Grand_Prix,"Sunny, cool, Air: 19–22 °C (66–72 °F);Track 27–28 °C (81–82 °F)"
125,2002,http://en.wikipedia.org/wiki/2002_Malaysian_Grand_Prix,"Partially cloudy, hot, and dry"
126,2002,http://en.wikipedia.org/wiki/2002_Brazilian_Grand_Prix,"Clear, Air Temp: 30°C"
127,2002,http://en.wikipedia.org/wiki/2002_San_Marino_Grand_Prix,"Scattered thunderstorms, but remaining dry. Air Temp: 18°C"
128,2002,http://en.wikipedia.org/wiki/2002_Spanish_Grand_Prix,"Clear, Air Temp: 20°C"
129,2002,http://en.wikipedia.org/wiki/2002_Austrian_Grand_Prix,"Clear, air temperature: 20°C"
130,2002,http://en.wikipedia.org/wiki/2002_Monaco_Grand_Prix,Fine; air temperature 22 °C (72 °F)
131,2002,http://en.wikipedia.org/wiki/2002_Canadian_Grand_Prix,Mostly fine and humid with temperatures reaching a maximum of 24.1 °C (75.4 °F)Wind speeds up to 8 km/h (5.0 mph)[1]
124,2002,http://en.wikipedia.org/wiki/2002_Australian_Grand_Prix,"Cloudy at start, clearing to sunny skies."
133,2002,http://en.wikipedia.org/wiki/2002_British_Grand_Prix,"Dry/Wet, Air Temp: 21°C"
134,2002,http://en.wikipedia.org/wiki/2002_French_Grand_Prix,"Warm and sunny, Air Temp: 25°C"
135,2002,http://en.wikipedia.org/wiki/2002_German_Grand_Prix,"Fine, Air Temp: 28°C"
136,2002,http://en.wikipedia.org/wiki/2002_Hungarian_Grand_Prix,"Partially cloudy, hot and sunny, Air Temp: 28 °C (82 °F)[4]"
137,2002,http://en.wikipedia.org/wiki/2002_Belgian_Grand_Prix,"Cloudy, Air: 17 °C (63 °F), Track 25 °C (77 °F)[1]"
138,2002,http://en.wikipedia.org/wiki/2002_Italian_Grand_Prix,"Sunny, hot, dry 23°C"
139,2002,http://en.wikipedia.org/wiki/2002_United_States_Grand_Prix,Sunny with temperatures reaching up to 26.7 °C (80.1 °F);Wind speeds approaching a maximum of 18.70 km/h (11.62 mph)[3]Track 34 °C (93 °F)
140,2002,http://en.wikipedia.org/wiki/2002_Japanese_Grand_Prix,"Sunny, Air: 26 °C (79 °F), Track 30 °C (86 °F)"
132,2002,http://en.wikipedia.org/wiki/2002_European_Grand_Prix,"Mainly Fine, Air Temp: 18°C"
108,2003,http://en.wikipedia.org/wiki/2003_Australian_Grand_Prix,"Damp at beginning, dry later, cloudy, mild"
109,2003,http://en.wikipedia.org/wiki/2003_Malaysian_Grand_Prix,"Fine, air temperature 34°C (93°F)"
110,2003,http://en.wikipedia.org/wiki/2003_Brazilian_Grand_Prix,Rainy: 20 °C (68 °F)
111,2003,http://en.wikipedia.org/wiki/2003_San_Marino_Grand_Prix,Mostly cloudy with maximum ambient temperatures reaching 13 degrees during the day.
112,2003,http://en.wikipedia.org/wiki/2003_Spanish_Grand_Prix,Clear
113,2003,http://en.wikipedia.org/wiki/2003_Austrian_Grand_Prix,Mostly cloudy with isolated showers in the area
114,2003,http://en.wikipedia.org/wiki/2003_Monaco_Grand_Prix,"Sunny at start, cloudy later"
115,2003,http://en.wikipedia.org/wiki/2003_Canadian_Grand_Prix,Partly cloudy and mild with temperatures reaching a maximum of 19.3 °C (66.7 °F)Wind speeds up to 12.9 km/h (8.0 mph)[1]Track 32 °C (90 °F)[2]
116,2003,http://en.wikipedia.org/wiki/2003_European_Grand_Prix,Mostly cloudy with maximum ambient temperatures reaching 25 degrees celsius during the day.
117,2003,http://en.wikipedia.org/wiki/2003_French_Grand_Prix,"Cloudy, Air: 26 °C (79 °F), Track 35 °C (95 °F)"
118,2003,http://en.wikipedia.org/wiki/2003_British_Grand_Prix,"Sunny at start, cloudy later, Air: 24 °C (75 °F), Track 29 °C (84 °F)[1]"
119,2003,http://en.wikipedia.org/wiki/2003_German_Grand_Prix,Fine
120,2003,http://en.wikipedia.org/wiki/2003_Hungarian_Grand_Prix,"Warm, dry and sunny, 28 °C (82 °F)"
121,2003,http://en.wikipedia.org/wiki/2003_Italian_Grand_Prix,Sunny
122,2003,http://en.wikipedia.org/wiki/2003_United_States_Grand_Prix,Scattered showers with temperatures up to 20.6 °C (69.1 °F);Wind speeds up to 25.93 km/h (16.11 mph)[4]
123,2003,http://en.wikipedia.org/wiki/2003_Japanese_Grand_Prix,"Cloudy, Air: 22 °C (72 °F), Track 25 °C (77 °F)"
90,2004,http://en.wikipedia.org/wiki/2004_Australian_Grand_Prix,Dry and cloudyAir temperature 20 °C (68 °F)
92,2004,http://en.wikipedia.org/wiki/2004_Bahrain_Grand_Prix,"Warm, dry and overcast"
93,2004,http://en.wikipedia.org/wiki/2004_San_Marino_Grand_Prix,"Clear, air temp: 22°C"
94,2004,http://en.wikipedia.org/wiki/2004_Spanish_Grand_Prix,Clear
95,2004,http://en.wikipedia.org/wiki/2004_Monaco_Grand_Prix,Dry and sunny
96,2004,http://en.wikipedia.org/wiki/2004_European_Grand_Prix,"Cloudy at start, sunny later"
97,2004,http://en.wikipedia.org/wiki/2004_Canadian_Grand_Prix,Clear and mild with temperatures approaching 25.0 °C (77.0 °F)Wind speeds up to 5.8 km/h (3.6 mph)[1]Track 35 °C (95 °F)[2]
91,2004,http://en.wikipedia.org/wiki/2004_Malaysian_Grand_Prix,"Dry, light rain at the startAir Temp 34 °C (93 °F)"
99,2004,http://en.wikipedia.org/wiki/2004_French_Grand_Prix,Sunny
107,2004,http://en.wikipedia.org/wiki/2004_Brazilian_Grand_Prix,Dry/Wet
106,2004,http://en.wikipedia.org/wiki/2004_Japanese_Grand_Prix,Sunny
105,2004,http://en.wikipedia.org/wiki/2004_Chinese_Grand_Prix,Sunny with temperatures reaching up to 27 °C (81 °F)[1]
104,2004,http://en.wikipedia.org/wiki/2004_Italian_Grand_Prix,"Wet track at the start, dry later on"
98,2004,http://en.wikipedia.org/wiki/2004_United_States_Grand_Prix,Fine with temperatures reaching up to 24 °C (75 °F);Wind speeds up to 20.55 km/h (12.77 mph)[2]
102,2004,http://en.wikipedia.org/wiki/2004_Hungarian_Grand_Prix,"Warm, dry and sunny, Air: 26 °C (79 °F), Track 42 °C (108 °F)"
101,2004,http://en.wikipedia.org/wiki/2004_German_Grand_Prix,Sunny
100,2004,http://en.wikipedia.org/wiki/2004_British_Grand_Prix,"Cloudy, Air: 17 °C (63 °F), Track 27 °C (81 °F)[2]"
103,2004,http://en.wikipedia.org/wiki/2004_Belgian_Grand_Prix,Dry with temperatures reaching up to 15 °C (59 °F)[1]
77,2005,http://en.wikipedia.org/wiki/2005_European_Grand_Prix,"Partly cloudy, hot and dry"
71,2005,http://en.wikipedia.org/wiki/2005_Australian_Grand_Prix,"Cool, partly cloudy"
72,2005,http://en.wikipedia.org/wiki/2005_Malaysian_Grand_Prix,"Fine, Air: 34–36 °C (93–97 °F) and Track: 44–50 °C (111–122 °F)"
73,2005,http://en.wikipedia.org/wiki/2005_Bahrain_Grand_Prix,"Sunny, 42 °C (108 °F)[1]"
74,2005,http://en.wikipedia.org/wiki/2005_San_Marino_Grand_Prix,Warm and cloudy
75,2005,http://en.wikipedia.org/wiki/2005_Spanish_Grand_Prix,"Sunny, warm"
76,2005,http://en.wikipedia.org/wiki/2005_Monaco_Grand_Prix,Fine
78,2005,http://en.wikipedia.org/wiki/2005_Canadian_Grand_Prix,Cloudy and hot with temperatures approaching 32.5 °C (90.5 °F)Wind speeds up to 5.1 km/h (3.2 mph)[1]Track 43–47 °C (109–117 °F)
82,2005,http://en.wikipedia.org/wiki/2005_German_Grand_Prix,"Cloudy with drizzle, but staying dry during the race. Air temp: 24°C."
80,2005,http://en.wikipedia.org/wiki/2005_French_Grand_Prix,"Sunny, Air: 32 °C (90 °F), Track 53 °C (127 °F)"
81,2005,http://en.wikipedia.org/wiki/2005_British_Grand_Prix,"Sunny, Air: 27 °C (81 °F), Track 47 °C (117 °F)"
83,2005,http://en.wikipedia.org/wiki/2005_Hungarian_Grand_Prix,"Sunny, Air: 34 °C (93 °F), Track 45 °C (113 °F)"
84,2005,http://en.wikipedia.org/wiki/2005_Turkish_Grand_Prix,Sunny; 30°C Air; 45°C Track
85,2005,http://en.wikipedia.org/wiki/2005_Italian_Grand_Prix,Sunny
86,2005,http://en.wikipedia.org/wiki/2005_Belgian_Grand_Prix,Wet and dry
87,2005,http://en.wikipedia.org/wiki/2005_Brazilian_Grand_Prix,"Partially cloudy and dry, Air: 23 °C (73 °F), Track 22 °C (72 °F)"
88,2005,http://en.wikipedia.org/wiki/2005_Japanese_Grand_Prix,Partially cloudy and dry with temperatures reaching up to 25 °C (77 °F)[1]
89,2005,http://en.wikipedia.org/wiki/2005_Chinese_Grand_Prix,Sunny
79,2005,http://en.wikipedia.org/wiki/2005_United_States_Grand_Prix,"Cloudy, temperatures up to 25.0 °C (77.0 °F); wind speeds up to 17.9 km/h (11.1 mph)[4]"
58,2006,http://en.wikipedia.org/wiki/2006_Spanish_Grand_Prix,Sunny
57,2006,http://en.wikipedia.org/wiki/2006_European_Grand_Prix,
53,2006,http://en.wikipedia.org/wiki/2006_Bahrain_Grand_Prix,"Fine, Dry and HotAir Temp 23 °C (73 °F)[1]Track Temp 40 °C (104 °F)[1] dropping to 34 °C (93 °F)"
54,2006,http://en.wikipedia.org/wiki/2006_Malaysian_Grand_Prix,"Fine, Air Temp: 33°C, Wind Speed: 1.5 m/s, Humidity: 61%"
59,2006,http://en.wikipedia.org/wiki/2006_Monaco_Grand_Prix,Fine
55,2006,http://en.wikipedia.org/wiki/2006_Australian_Grand_Prix,Cloudy with sunny breaks. Air temperature 20°C
60,2006,http://en.wikipedia.org/wiki/2006_British_Grand_Prix,Sunny
56,2006,http://en.wikipedia.org/wiki/2006_San_Marino_Grand_Prix,Sunny
62,2006,http://en.wikipedia.org/wiki/2006_United_States_Grand_Prix,"Sunny, hot"
61,2006,http://en.wikipedia.org/wiki/2006_Canadian_Grand_Prix,Sunny and warm with temperatures reaching up to 28 °C (82 °F); wind speeds up to 4.1 kilometres per hour (2.5 mph)[1]
70,2006,http://en.wikipedia.org/wiki/2006_Brazilian_Grand_Prix,Temperatures reaching up to 23 °C (73 °F)[1]
69,2006,http://en.wikipedia.org/wiki/2006_Japanese_Grand_Prix,Fine
68,2006,http://en.wikipedia.org/wiki/2006_Chinese_Grand_Prix,"Cloudy, wet track that progressively dried up.Rainy during the last few laps."
66,2006,http://en.wikipedia.org/wiki/2006_Turkish_Grand_Prix,"Sunny, hot"
65,2006,http://en.wikipedia.org/wiki/2006_Hungarian_Grand_Prix,Cool and rainy with temperatures reaching up to 20 °C (68 °F)[4]
64,2006,http://en.wikipedia.org/wiki/2006_German_Grand_Prix,"Sunny, warm"
63,2006,http://en.wikipedia.org/wiki/2006_French_Grand_Prix,"Sunny, warm"
67,2006,http://en.wikipedia.org/wiki/2006_Italian_Grand_Prix,Warm and sunny with temperatures reaching up to 27 °C (81 °F)[1]
36,2007,http://en.wikipedia.org/wiki/2007_Australian_Grand_Prix,Clear with temperatures reaching up to 21 °C (70 °F)[1]
37,2007,http://en.wikipedia.org/wiki/2007_Malaysian_Grand_Prix,Sunny[1]
38,2007,http://en.wikipedia.org/wiki/2007_Bahrain_Grand_Prix,"Sunny, dry, windy"
39,2007,http://en.wikipedia.org/wiki/2007_Spanish_Grand_Prix,Sunny and warm
40,2007,http://en.wikipedia.org/wiki/2007_Monaco_Grand_Prix,"Cloudy, air temp 24–27 °C (75–81 °F), track temp 33–42 °C (91–108 °F)"
41,2007,http://en.wikipedia.org/wiki/2007_Canadian_Grand_Prix,Warm with temperatures approaching 26 °C (79 °F); wind speeds up to 5.8 kilometres per hour (3.6 mph)[1]
42,2007,http://en.wikipedia.org/wiki/2007_United_States_Grand_Prix,Warm (33C/91F) and clear
44,2007,http://en.wikipedia.org/wiki/2007_British_Grand_Prix,Dry and sunny
45,2007,http://en.wikipedia.org/wiki/2007_European_Grand_Prix,Heavy Rain on Lap 1. Drying track at restart. Light Rain before the finish.
46,2007,http://en.wikipedia.org/wiki/2007_Hungarian_Grand_Prix,"Sunny, temperatures reaching up to 27 °C (81 °F)[4]"
48,2007,http://en.wikipedia.org/wiki/2007_Italian_Grand_Prix,Sunny
49,2007,http://en.wikipedia.org/wiki/2007_Belgian_Grand_Prix,"Partly cloudy, mild and dry"
50,2007,http://en.wikipedia.org/wiki/2007_Japanese_Grand_Prix,Very heavy rain
51,2007,http://en.wikipedia.org/wiki/2007_Chinese_Grand_Prix,Intermittent light rain
52,2007,http://en.wikipedia.org/wiki/2007_Brazilian_Grand_Prix,"37 °C (Air), 63 °C (Track)"
43,2007,http://en.wikipedia.org/wiki/2007_French_Grand_Prix,Cloudy
47,2007,http://en.wikipedia.org/wiki/2007_Turkish_Grand_Prix,Sunny
18,2008,http://en.wikipedia.org/wiki/2008_Australian_Grand_Prix,"Clear, dry, air temperature of 39 °C (102 °F)."
31,2008,http://en.wikipedia.org/wiki/2008_Italian_Grand_Prix,"Heavy rain, dry towards the end"
19,2008,http://en.wikipedia.org/wiki/2008_Malaysian_Grand_Prix,"Sunny, partly cloudy"
20,2008,http://en.wikipedia.org/wiki/2008_Bahrain_Grand_Prix,Dry
21,2008,http://en.wikipedia.org/wiki/2008_Spanish_Grand_Prix,Sunny
22,2008,http://en.wikipedia.org/wiki/2008_Turkish_Grand_Prix,Sunny with temperatures reaching up to 17 °C (63 °F)[3]
23,2008,http://en.wikipedia.org/wiki/2008_Monaco_Grand_Prix,"Wet, drying later."
24,2008,http://en.wikipedia.org/wiki/2008_Canadian_Grand_Prix,Hot with temperatures approaching 31 °C (88 °F); wind speeds up to 8.9 kilometres per hour (5.5 mph)[1]
25,2008,http://en.wikipedia.org/wiki/2008_French_Grand_Prix,Dry at first; light rain in the final stages
26,2008,http://en.wikipedia.org/wiki/2008_British_Grand_Prix,"Rain, later drying"
27,2008,http://en.wikipedia.org/wiki/2008_German_Grand_Prix,"Cloudy, later sunny[1]"
28,2008,http://en.wikipedia.org/wiki/2008_Hungarian_Grand_Prix,"Sunny; Air 30–31 °C (86–88 °F), Track 40–43 °C (104–109 °F)"
29,2008,http://en.wikipedia.org/wiki/2008_European_Grand_Prix,Sunny
30,2008,http://en.wikipedia.org/wiki/2008_Belgian_Grand_Prix,"Cloudy, rain in last 3 laps"
32,2008,http://en.wikipedia.org/wiki/2008_Singapore_Grand_Prix,"Dry, Air Temp: 28 °C (82 °F), Wind Speed: 2.2 metres per second (7.2 ft/s), Humidity: 79%"
33,2008,http://en.wikipedia.org/wiki/2008_Japanese_Grand_Prix,Cloudy with temperatures reaching up to 17 °C (63 °F)[4]
35,2008,http://en.wikipedia.org/wiki/2008_Brazilian_Grand_Prix,"Rain at beginning and end, otherwise drying"
34,2008,http://en.wikipedia.org/wiki/2008_Chinese_Grand_Prix,Dry
2,2009,http://en.wikipedia.org/wiki/2009_Malaysian_Grand_Prix,"Dry start, with heavy rain and thunderstorm/monsoon later"
17,2009,http://en.wikipedia.org/wiki/2009_Abu_Dhabi_Grand_Prix,Dry
16,2009,http://en.wikipedia.org/wiki/2009_Brazilian_Grand_Prix,Partially cloudy and dry
15,2009,http://en.wikipedia.org/wiki/2009_Japanese_Grand_Prix,"Sunny, Dry"
14,2009,http://en.wikipedia.org/wiki/2009_Singapore_Grand_Prix,Hot and Dry
13,2009,http://en.wikipedia.org/wiki/2009_Italian_Grand_Prix,Mainly sunny
12,2009,http://en.wikipedia.org/wiki/2009_Belgian_Grand_Prix,Clear but Mild
11,2009,http://en.wikipedia.org/wiki/2009_European_Grand_Prix,Hot and dry with temperatures reaching up to 33 °C (91 °F)[1]
1,2009,http://en.wikipedia.org/wiki/2009_Australian_Grand_Prix,Sunny with temperatures reaching up to 27 °C (81 °F)[2]
10,2009,http://en.wikipedia.org/wiki/2009_Hungarian_Grand_Prix,Sunny25 °C (77 °F)[3]
8,2009,http://en.wikipedia.org/wiki/2009_British_Grand_Prix,"Dry, overcast"
7,2009,http://en.wikipedia.org/wiki/2009_Turkish_Grand_Prix,Sunny
6,2009,http://en.wikipedia.org/wiki/2009_Monaco_Grand_Prix,Sunny
5,2009,http://en.wikipedia.org/wiki/2009_Spanish_Grand_Prix,"Warm, Sunny"
4,2009,http://en.wikipedia.org/wiki/2009_Bahrain_Grand_Prix,Sunny
3,2009,http://en.wikipedia.org/wiki/2009_Chinese_Grand_Prix,Rain
9,2009,http://en.wikipedia.org/wiki/2009_German_Grand_Prix,Sunny and overcast
349,2010,http://en.wikipedia.org/wiki/2010_Belgian_Grand_Prix,Intermittent rain
351,2010,http://en.wikipedia.org/wiki/2010_Singapore_Grand_Prix,"Clear; Air temp 29 to 30 °C (84 to 86 °F), Track temp 31 °C (88 °F)[5][6]"
350,2010,http://en.wikipedia.org/wiki/2010_Italian_Grand_Prix,Sunny
352,2010,http://en.wikipedia.org/wiki/2010_Japanese_Grand_Prix,Sunny
343,2010,http://en.wikipedia.org/wiki/2010_Turkish_Grand_Prix,Air: 28 to 29 °C (82 to 84 °F) Track: 39 to 49 °C (102 to 120 °F)
354,2010,http://en.wikipedia.org/wiki/2010_Brazilian_Grand_Prix,Clear; 25 °C (77 °F)
355,2010,http://en.wikipedia.org/wiki/2010_Abu_Dhabi_Grand_Prix,"Dry[3]
Air Temp 28 °C (82 °F)[3]

Track Temp 33 °C (91 °F) dropping to 29 °C (84 °F)[3]"
348,2010,http://en.wikipedia.org/wiki/2010_Hungarian_Grand_Prix,Mainly sunny28 °C (82 °F)[1]
353,2010,http://en.wikipedia.org/wiki/2010_Korean_Grand_Prix,"Rain. Air 20 °C (68 °F), Track 18 °C (64 °F)"
347,2010,http://en.wikipedia.org/wiki/2010_German_Grand_Prix,"Mainly cloudy, dry[4]"
340,2010,http://en.wikipedia.org/wiki/2010_Chinese_Grand_Prix,"Cloudy, rain"
345,2010,http://en.wikipedia.org/wiki/2010_European_Grand_Prix,Dry[3]
344,2010,http://en.wikipedia.org/wiki/2010_Canadian_Grand_Prix,Warm with temperatures approaching 26 °C (79 °F); wind speeds up to 4.9 kilometres per hour (3.0 mph)[1]
337,2010,http://en.wikipedia.org/wiki/2010_Bahrain_Grand_Prix,Sunny
342,2010,http://en.wikipedia.org/wiki/2010_Monaco_Grand_Prix,"Mainly cloudy, dry"
341,2010,http://en.wikipedia.org/wiki/2010_Spanish_Grand_Prix,"Mainly cloudy, dry"
339,2010,http://en.wikipedia.org/wiki/2010_Malaysian_Grand_Prix,"Mainly cloudy, dry"
338,2010,http://en.wikipedia.org/wiki/2010_Australian_Grand_Prix,Overcast with light rain at start
346,2010,http://en.wikipedia.org/wiki/2010_British_Grand_Prix,Mainly sunny
852,2011,http://en.wikipedia.org/wiki/2011_Belgian_Grand_Prix,"Cloudy, dry"
853,2011,http://en.wikipedia.org/wiki/2011_Italian_Grand_Prix,Mainly sunny
854,2011,http://en.wikipedia.org/wiki/2011_Singapore_Grand_Prix,"Hot and humid

Air Temp 31 °C (88 °F)[1]"
858,2011,http://en.wikipedia.org/wiki/2011_Abu_Dhabi_Grand_Prix,"Fine and Dry

Air Temp 25 °C (77 °F)[1]"
856,2011,http://en.wikipedia.org/wiki/2011_Korean_Grand_Prix,"Dry, light rain at the start

Air Temp 21 °C (70 °F)[2]"
857,2011,http://en.wikipedia.org/wiki/2011_Indian_Grand_Prix,"Fine and Dry

Air Temp 30 °C (86 °F)[1]"
859,2011,http://en.wikipedia.org/wiki/2011_Brazilian_Grand_Prix,"Fine

Air Temp 24 °C (75 °F)  Track Temp 43 °C (109 °F)[1]"
855,2011,http://en.wikipedia.org/wiki/2011_Japanese_Grand_Prix,"Sunny and dry

Air Temp 24 °C (75 °F)[3]"
851,2011,http://en.wikipedia.org/wiki/2011_Hungarian_Grand_Prix,"Cloudy, rain showers"
848,2011,http://en.wikipedia.org/wiki/2011_European_Grand_Prix,"Clear, Fine and Dry[1][2]Air Temp 27 °C (81 °F)[2]Track Temp 47 °C (117 °F)[2]"
849,2011,http://en.wikipedia.org/wiki/2011_British_Grand_Prix,Wet track at start; subsequently drying.[1]Air Temp 20 °C (68 °F)[1]Track Temp 22 °C (72 °F)[1]
847,2011,http://en.wikipedia.org/wiki/2011_Canadian_Grand_Prix,"Wet at start, very heavy rain later, after rain stops, track drying towards the end. Temperatures up to 27 °C (81 °F); wind speeds up to 12 kilometres per hour (7.5 mph)[2]"
846,2011,http://en.wikipedia.org/wiki/2011_Monaco_Grand_Prix,"Sunny, Fine and Dry[2]Air Temp 24 °C (75 °F)[2]Track Temp 44 °C (111 °F)[2]"
845,2011,http://en.wikipedia.org/wiki/2011_Spanish_Grand_Prix,"Mainly sunny, Fine and Dry[3][4]
Air Temp 27 °C (81 °F)[4]

Track Temp 33 °C (91 °F) to 44 °C (111 °F)[4]"
844,2011,http://en.wikipedia.org/wiki/2011_Turkish_Grand_Prix,"Sunny, Fine and Dry[2]
Air Temp 17 °C (63 °F)[2]

Track Temp 35 °C (95 °F) dropping to 30 °C (86 °F)[2]"
843,2011,http://en.wikipedia.org/wiki/2011_Chinese_Grand_Prix,"Fine and Dry[1]
Air Temp 22 °C (72 °F)[1]

Track Temp 32 °C (90 °F) dropping to 26 °C (79 °F)[1]"
842,2011,http://en.wikipedia.org/wiki/2011_Malaysian_Grand_Prix,"Cloudy, dry"
841,2011,http://en.wikipedia.org/wiki/2011_Australian_Grand_Prix,"Sunny, 18°C"
850,2011,http://en.wikipedia.org/wiki/2011_German_Grand_Prix,"Cloudy, (light) rain at start"
875,2012,http://en.wikipedia.org/wiki/2012_Korean_Grand_Prix,"Fine and Dry[3]
Air Temp 21 °C (70 °F)[3]

Track Temp 27 °C (81 °F) dropping to 23 °C (73 °F)[3]"
873,2012,http://en.wikipedia.org/wiki/2012_Singapore_Grand_Prix,Hot and humid[2]Air Temp 29 °C (84 °F)[2]Track Temp 31 °C (88 °F)[2]
874,2012,http://en.wikipedia.org/wiki/2012_Japanese_Grand_Prix,"Fine and Dry[2]
Air Temp 23 °C (73 °F)[2]

Track Temp 32 °C (90 °F)[2]"
876,2012,http://en.wikipedia.org/wiki/2012_Indian_Grand_Prix,"Fine, Dry, a little hazy and a little dusty[2]
Air Temp 30 °C (86 °F)[2]

Track Temp 36 °C (97 °F) dropping to 31 °C (88 °F)[2]"
867,2012,http://en.wikipedia.org/wiki/2012_European_Grand_Prix,"Fine and Dry[2]
Air Temp 27 °C (81 °F)[2]

Track Temp 45 °C (113 °F)[2]"
878,2012,http://en.wikipedia.org/wiki/2012_United_States_Grand_Prix,Scattered clouds[2][3]Air temp 24 °C (75 °F)[3]Track temp 32 °C (90 °F)[3]
879,2012,http://en.wikipedia.org/wiki/2012_Brazilian_Grand_Prix,"Race start: drops of rain, light rain shower getting heavier at the end.[2]
Air Temp 19 °C (66 °F)[2]

Track Temp 21 °C (70 °F)[2]"
872,2012,http://en.wikipedia.org/wiki/2012_Italian_Grand_Prix,"Dry and sizzlingly sunny[2]
Air temp 28 °C (82 °F)[2]

Track temp 40 °C (104 °F)[2]"
877,2012,http://en.wikipedia.org/wiki/2012_Abu_Dhabi_Grand_Prix,"Dry[2]
Air Temp 29 °C (84 °F)[2]

Track Temp 34 °C (93 °F) dropping to 29 °C (84 °F)[2]"
871,2012,http://en.wikipedia.org/wiki/2012_Belgian_Grand_Prix,"Fine and Dry[4]
Air Temp 23 °C (73 °F)[4]

Track Temp 33 °C (91 °F)[4]"
864,2012,http://en.wikipedia.org/wiki/2012_Spanish_Grand_Prix,"Partially cloudy, dry: Air 23 °C (73 °F), Track 36 °C (97 °F)"
869,2012,http://en.wikipedia.org/wiki/2012_German_Grand_Prix,"Fine and Dry[2]
Air Temp 22 °C (72 °F)[2]

Track Temp 30 °C (86 °F)[2]"
862,2012,http://en.wikipedia.org/wiki/2012_Chinese_Grand_Prix,"Overcast but Dry[1]
Air Temp 22 °C (72 °F)[1]

Track Temp 23 °C (73 °F)[1]"
863,2012,http://en.wikipedia.org/wiki/2012_Bahrain_Grand_Prix,"Sunny and hot[1][2]
Air Temp 27 °C (81 °F)[2]

Track Temp 33 °C (91 °F) dropping to 29 °C (84 °F)[2]"
870,2012,http://en.wikipedia.org/wiki/2012_Hungarian_Grand_Prix,"Fine and Dry. Very Hot[2][3]
Air Temp 30 °C (86 °F)[3]

Track Temp 45 °C (113 °F)[3]"
861,2012,http://en.wikipedia.org/wiki/2012_Malaysian_Grand_Prix,"Heavy rain clearing to cloudy and dry[2]
Air Temp 26 °C (79 °F)[2]

 Track Temp 29 °C (84 °F) dropping to 24 °C (75 °F) [2]"
866,2012,http://en.wikipedia.org/wiki/2012_Canadian_Grand_Prix,"Fine, dry and warm;[2]
with air temperature approaching 29 °C (84 °F)[2]

Track Temp 45 °C (113 °F) dropping to 39 °C (102 °F)[2]"
860,2012,http://en.wikipedia.org/wiki/2012_Australian_Grand_Prix,"Fine[1]
Air Temp 22 °C (72 °F)[1]

Track Temp 30 °C (86 °F) dropping to 22 °C (72 °F)[1]"
868,2012,http://en.wikipedia.org/wiki/2012_British_Grand_Prix,DryAir Temp 20 °C (68 °F)[2]Track Temp 31 °C (88 °F)[2]
865,2012,http://en.wikipedia.org/wiki/2012_Monaco_Grand_Prix,"Fine and Dry, showers threatening at end[2]
Air Temp 21 °C (70 °F)[2]

Track Temp 38 °C (100 °F) dropping to 31 °C (88 °F)[2]"
892,2013,http://en.wikipedia.org/wiki/2013_Italian_Grand_Prix,Cloudy
899,2013,http://en.wikipedia.org/wiki/2013_Brazilian_Grand_Prix,"Cloudy, Air Temp: 18 °C"
898,2013,http://en.wikipedia.org/wiki/2013_United_States_Grand_Prix,"Partly cloudy, warmTemperatures reaching up to 89.1 °F (31.7 °C); wind speeds approaching speeds of 11.1 miles per hour (17.9 km/h)[2]"
897,2013,http://en.wikipedia.org/wiki/2013_Abu_Dhabi_Grand_Prix,Clear
896,2013,http://en.wikipedia.org/wiki/2013_Indian_Grand_Prix,"Sunny, haze"
895,2013,http://en.wikipedia.org/wiki/2013_Japanese_Grand_Prix,Warm and sunny
894,2013,http://en.wikipedia.org/wiki/2013_Korean_Grand_Prix,Cloudy with maximum temperatures reaching 29 degrees during the day
893,2013,http://en.wikipedia.org/wiki/2013_Singapore_Grand_Prix,Dry and 29 degrees
891,2013,http://en.wikipedia.org/wiki/2013_Belgian_Grand_Prix,Cloudy
890,2013,http://en.wikipedia.org/wiki/2013_Hungarian_Grand_Prix,"Very hot and sunny, 35 °C."
888,2013,http://en.wikipedia.org/wiki/2013_German_Grand_Prix,Sunny
881,2013,http://en.wikipedia.org/wiki/2013_Malaysian_Grand_Prix,Light rain clearing to cloudy and dry
882,2013,http://en.wikipedia.org/wiki/2013_Chinese_Grand_Prix,Cloudy
883,2013,http://en.wikipedia.org/wiki/2013_Bahrain_Grand_Prix,Sunny
880,2013,http://en.wikipedia.org/wiki/2013_Australian_Grand_Prix,"Scattered Clouds, Fine and Dry[2]
Air Temp 18 °C (64 °F)[2]

Track Temp 25 °C (77 °F) dropping to 19 °C (66 °F)[2]"
885,2013,http://en.wikipedia.org/wiki/2013_Monaco_Grand_Prix,Warm and sunny
886,2013,http://en.wikipedia.org/wiki/2013_Canadian_Grand_Prix,Mild with temperatures approaching 23 °C (73 °F); wind speeds up to 15 kilometres per hour (9.3 mph)[2]
887,2013,http://en.wikipedia.org/wiki/2013_British_Grand_Prix,Dry
884,2013,http://en.wikipedia.org/wiki/2013_Spanish_Grand_Prix,Sunny
911,2014,http://en.wikipedia.org/wiki/2014_Belgian_Grand_Prix,Mostly cloudy
917,2014,http://en.wikipedia.org/wiki/2014_Brazilian_Grand_Prix,"Sunny, Air: 23 to 24 °C (73 to 75 °F), Track: 46 to 50 °C (115 to 122 °F)"
916,2014,http://en.wikipedia.org/wiki/2014_United_States_Grand_Prix,Sunny
915,2014,http://en.wikipedia.org/wiki/2014_Russian_Grand_Prix,"Fine and dry;21 °C (70 °F) ambient temperature,33 °C (91 °F) track temperature[4]"
914,2014,http://en.wikipedia.org/wiki/2014_Japanese_Grand_Prix,Rain. Air: 20 °C (68 °F) Track: 24 °C (75 °F)
913,2014,http://en.wikipedia.org/wiki/2014_Singapore_Grand_Prix,Clear. Air: 28 to 30 °C (82 to 86 °F) Track: 33 to 37 °C (91 to 99 °F).
912,2014,http://en.wikipedia.org/wiki/2014_Italian_Grand_Prix,"Sunny; Air: 25 °C (77 °F), Track: 37 to 42 °C (99 to 108 °F)"
918,2014,http://en.wikipedia.org/wiki/2014_Abu_Dhabi_Grand_Prix,"Clear skies; Air temp: 30 °C (86 °F) during the day, dropping to 24 °C (75.2 °F). Wind speed: 8 km/h (4.9 mph).[2] (Night race)"
910,2014,http://en.wikipedia.org/wiki/2014_Hungarian_Grand_Prix,"Overcast. Wet track at start, then drying.Scattered thunderstorms during the day, temperatures reaching a maximum of 26 degrees.[1]"
906,2014,http://en.wikipedia.org/wiki/2014_Canadian_Grand_Prix,Temperatures up to 27.6 °C (81.7 °F); wind speeds up to 16.4 kilometres per hour (10.2 mph)[5]
908,2014,http://en.wikipedia.org/wiki/2014_British_Grand_Prix,Mostly cloudy with maximum temperatures reaching 21 degrees during the day.
907,2014,http://en.wikipedia.org/wiki/2014_Austrian_Grand_Prix,"Partially cloudy, hot and dry"
905,2014,http://en.wikipedia.org/wiki/2014_Monaco_Grand_Prix,"Overcast, Air: 20 to 21 °C (68 to 70 °F), Track: 28 to 30 °C (82 to 86 °F)."
904,2014,http://en.wikipedia.org/wiki/2014_Spanish_Grand_Prix,Sunny
903,2014,http://en.wikipedia.org/wiki/2014_Chinese_Grand_Prix,"Mostly cloudy, dry"
902,2014,http://en.wikipedia.org/wiki/2014_Bahrain_Grand_Prix,Dry
901,2014,http://en.wikipedia.org/wiki/2014_Malaysian_Grand_Prix,"Dry, 32°C"
900,2014,http://en.wikipedia.org/wiki/2014_Australian_Grand_Prix,"Overcast, 19 °C(66 °F)"
909,2014,http://en.wikipedia.org/wiki/2014_German_Grand_Prix,Cloudy with maximum temperatures reaching 26 degrees during the day.
939,2015,http://en.wikipedia.org/wiki/2015_Singapore_Grand_Prix,Dry28–29 °C (82–84 °F) air temperature34–36 °C (93–97 °F) track temperature0.5 m/s (1.6 ft/s) wind from the west[2]
940,2015,http://en.wikipedia.org/wiki/2015_Japanese_Grand_Prix,Partly cloudy27 °C (81 °F) air temperature52–54 °C (126–129 °F) track temperature4.5 m/s (15 ft/s) wind from the east[2]
941,2015,http://en.wikipedia.org/wiki/2015_Russian_Grand_Prix,Partly cloudy18 °C (64 °F) air temperature25–27 °C (77–81 °F) track temperature1.5 m/s (4.9 ft/s) wind from the north[2]
945,2015,http://en.wikipedia.org/wiki/2015_Abu_Dhabi_Grand_Prix,Clear25–27 °C (77–81 °F) air temperature28–29 °C (82–84 °F) track temperature1.5 m/s (4.9 ft/s) wind from the south[3]
943,2015,http://en.wikipedia.org/wiki/2015_Mexican_Grand_Prix,Partly cloudy22–24 °C (72–75 °F) air temperature48–56 °C (118–133 °F) track temperature1.5 m/s (4.9 ft/s) wind from the northwest[2]
944,2015,http://en.wikipedia.org/wiki/2015_Brazilian_Grand_Prix,Dry22–28 °C (72–82 °F) air temperature38–48 °C (100–118 °F) track temperature2.5 m/s (8.2 ft/s) wind from the north[2]
938,2015,http://en.wikipedia.org/wiki/2015_Italian_Grand_Prix,Partly cloudy22–23 °C (72–73 °F) air temperature38–39 °C (100–102 °F) track temperature1.5 m/s (4.9 ft/s) wind from changing directions[2]
942,2015,http://en.wikipedia.org/wiki/2015_United_States_Grand_Prix,Very cloudy17 °C (63 °F) air temperature17–20 °C (63–68 °F) track temperature8 m/s (26 ft/s) wind from the south[2]
937,2015,http://en.wikipedia.org/wiki/2015_Belgian_Grand_Prix,Cloudy23 °C (73 °F) air temperature33–37 °C (91–99 °F) track temperature3.5 m/s (11 ft/s) wind from the northwest[2]
932,2015,http://en.wikipedia.org/wiki/2015_Canadian_Grand_Prix,Sunny20–21 °C (68–70 °F) air temperature39 °C (102 °F) track temperature4 m/s (13 ft/s) wind from the north[2]
934,2015,http://en.wikipedia.org/wiki/2015_British_Grand_Prix,"Cloudy, rain at times17–20 °C (63–68 °F) air temperature24–32 °C (75–90 °F) track temperature2.5 m/s (8.2 ft/s) wind from the east[2]"
933,2015,http://en.wikipedia.org/wiki/2015_Austrian_Grand_Prix,Cloudy14–15 °C (57–59 °F) air temperature27–32 °C (81–90 °F) track temperature2 m/s (6.6 ft/s) wind from the west[2]
931,2015,http://en.wikipedia.org/wiki/2015_Monaco_Grand_Prix,Partly cloudy18–19 °C (64–66 °F) air temperature31–37 °C (88–99 °F) track temperature1.5 m/s (4.9 ft/s) wind from the west[2]
930,2015,http://en.wikipedia.org/wiki/2015_Spanish_Grand_Prix,Sunny25 °C (77 °F) air temperature44 °C (111 °F) track temperature1.8 m/s (5.9 ft/s) wind from the northeast[3]
929,2015,http://en.wikipedia.org/wiki/2015_Bahrain_Grand_Prix,"Sunny, clear24–26 °C (75–79 °F) air temperature28–31 °C (82–88 °F) track temperature1.5 m/s (4.9 ft/s) wind from the north[1]"
928,2015,http://en.wikipedia.org/wiki/2015_Chinese_Grand_Prix,Sunny21 °C (70 °F) air temperature46 °C (115 °F) track temperature1.4 m/s (4.6 ft/s) wind from the northwest[1]
927,2015,http://en.wikipedia.org/wiki/2015_Malaysian_Grand_Prix,Sunny32–33 °C (90–91 °F) air temperature53–58 °C (127–136 °F) track temperature2 m/s (6.6 ft/s) wind from the south[3]
926,2015,http://en.wikipedia.org/wiki/2015_Australian_Grand_Prix,Partly cloudy17–18 °C (63–64 °F) air temperature32–37 °C (90–99 °F) track temperature6 m/s (20 ft/s) wind from the south[3]
936,2015,http://en.wikipedia.org/wiki/2015_Hungarian_Grand_Prix,Sunny22–24 °C (72–75 °F) air temperature41–48 °C (106–118 °F) track temperature3.2 m/s (10 ft/s) wind from the east[2]
963,2016,http://en.wikipedia.org/wiki/2016_Malaysian_Grand_Prix,Sunny33 °C (91 °F) air temperature49 °C (120 °F) track temperature2.8 m/s (9.2 ft/s) wind from the west[2]
960,2016,http://en.wikipedia.org/wiki/2016_Belgian_Grand_Prix,Partially cloudy and dry
962,2016,http://en.wikipedia.org/wiki/2016_Singapore_Grand_Prix,Clear30 °C (86 °F) air temperature34–35 °C (93–95 °F) track temperature1.5 m/s (4.9 ft/s) wind from the east[2]
964,2016,http://en.wikipedia.org/wiki/2016_Japanese_Grand_Prix,Cloudy
968,2016,http://en.wikipedia.org/wiki/2016_Abu_Dhabi_Grand_Prix,Sunny
966,2016,http://en.wikipedia.org/wiki/2016_Mexican_Grand_Prix,Sunny
967,2016,http://en.wikipedia.org/wiki/2016_Brazilian_Grand_Prix,Rain and 16 °C (60.8 °F)
959,2016,http://en.wikipedia.org/wiki/2016_German_Grand_Prix,Partially cloudy and dry
965,2016,http://en.wikipedia.org/wiki/2016_United_States_Grand_Prix,Sunny and hot with temperatures reaching up to 84 °F (29 °C); wind speeds approaching speeds of 9.2 miles per hour (14.8 km/h)[2]
958,2016,http://en.wikipedia.org/wiki/2016_Hungarian_Grand_Prix,Sunny
961,2016,http://en.wikipedia.org/wiki/2016_Italian_Grand_Prix,"Sunny, warm"
956,2016,http://en.wikipedia.org/wiki/2016_Austrian_Grand_Prix,Cloudy
949,2016,http://en.wikipedia.org/wiki/2016_Bahrain_Grand_Prix,Dry21–22 °C (70–72 °F) air temperature26–29 °C (79–84 °F) track temperature2 m/s (6.6 ft/s) wind from the southwest[4]
950,2016,http://en.wikipedia.org/wiki/2016_Chinese_Grand_Prix,Sunny21 °C (70 °F) air temperature37 °C (99 °F) track temperature4.8 m/s (16 ft/s) wind from the northeast[4]
951,2016,http://en.wikipedia.org/wiki/2016_Russian_Grand_Prix,Partly cloudy16 °C (61 °F) air temperature37–41 °C (99–106 °F) track temperature2.5 m/s (8.2 ft/s) wind from the southwest[4]
952,2016,http://en.wikipedia.org/wiki/2016_Spanish_Grand_Prix,Partly cloudy20–22 °C (68–72 °F) air temperature39–41 °C (102–106 °F) track temperature2 m/s (6.6 ft/s) wind from the north[4]
948,2016,http://en.wikipedia.org/wiki/2016_Australian_Grand_Prix,Partly cloudy22–23 °C (72–73 °F) air temperature26–36 °C (79–97 °F) track temperature4 m/s (8.9 mph; 14 km/h) wind from the south[4]
954,2016,http://en.wikipedia.org/wiki/2016_Canadian_Grand_Prix,Cloudy12 °C (54 °F) air temperature21–23 °C (70–73 °F) track temperature2.5 m/s (8.2 ft/s) wind from the southeast[4]
957,2016,http://en.wikipedia.org/wiki/2016_British_Grand_Prix,"Wet at start, dry later"
955,2016,http://en.wikipedia.org/wiki/2016_European_Grand_Prix,Partly cloudy30–33 °C (86–91 °F) air temperature39–45 °C (102–113 °F) track temperature2.5 m/s (8.2 ft/s) wind from the southeast[4]
953,2016,http://en.wikipedia.org/wiki/2016_Monaco_Grand_Prix,"Rainy at start, dry later17–18 °C (63–64 °F) air temperature20–22 °C (68–72 °F) track temperature2 m/s (6.6 ft/s) wind from the north[4]"
980,2017,http://en.wikipedia.org/wiki/2017_Belgian_Grand_Prix,Partially cloudy and dry
988,2017,http://en.wikipedia.org/wiki/2017_Abu_Dhabi_Grand_Prix,Clear
987,2017,http://en.wikipedia.org/wiki/2017_Brazilian_Grand_Prix,Sunny
986,2017,http://en.wikipedia.org/wiki/2017_Mexican_Grand_Prix,"Sunny, dry"
985,2017,http://en.wikipedia.org/wiki/2017_United_States_Grand_Prix,Sunny with temperatures reaching up to 82.9 °F (28.3 °C); wind speeds approaching speeds of 13.8 miles per hour (22.2 km/h)[4]
984,2017,http://en.wikipedia.org/wiki/2017_Japanese_Grand_Prix,Sunny
983,2017,http://en.wikipedia.org/wiki/2017_Malaysian_Grand_Prix,Cloudy
982,2017,http://en.wikipedia.org/wiki/2017_Singapore_Grand_Prix,"Wet at start, then drying. Air temperature: 28°C (82°F)"
981,2017,http://en.wikipedia.org/wiki/2017_Italian_Grand_Prix,Sunny
979,2017,http://en.wikipedia.org/wiki/2017_Hungarian_Grand_Prix,Sunny
978,2017,http://en.wikipedia.org/wiki/2017_British_Grand_Prix,Overcast
977,2017,http://en.wikipedia.org/wiki/2017_Austrian_Grand_Prix,Partly cloudy
976,2017,http://en.wikipedia.org/wiki/2017_Azerbaijan_Grand_Prix,Sunny
975,2017,http://en.wikipedia.org/wiki/2017_Canadian_Grand_Prix,Sunny and hot with temperatures reaching up to 29 °C (84 °F); wind speeds reaching 12.9 kilometres per hour (8.0 mph)[4]
974,2017,http://en.wikipedia.org/wiki/2017_Monaco_Grand_Prix,Sunny
973,2017,http://en.wikipedia.org/wiki/2017_Spanish_Grand_Prix,Sunny
972,2017,http://en.wikipedia.org/wiki/2017_Russian_Grand_Prix,Sunny
971,2017,http://en.wikipedia.org/wiki/2017_Bahrain_Grand_Prix,Clear
970,2017,http://en.wikipedia.org/wiki/2017_Chinese_Grand_Prix,"Light rain at start, drying later."
969,2017,http://en.wikipedia.org/wiki/2017_Australian_Grand_Prix,Partly cloudy24 °C (75 °F) air temperature31–36 °C (88–97 °F) track temperature2 m/s (4.5 mph; 7.2 km/h) wind from the northwest[3]
1002,2018,http://en.wikipedia.org/wiki/2018_Italian_Grand_Prix,Sunny
1003,2018,http://en.wikipedia.org/wiki/2018_Singapore_Grand_Prix,Clear
1004,2018,http://en.wikipedia.org/wiki/2018_Russian_Grand_Prix,Cloudy
1005,2018,http://en.wikipedia.org/wiki/2018_Japanese_Grand_Prix,Partly cloudy
1009,2018,http://en.wikipedia.org/wiki/2018_Abu_Dhabi_Grand_Prix,Clear
1007,2018,http://en.wikipedia.org/wiki/2018_Mexican_Grand_Prix,Sunny
1008,2018,http://en.wikipedia.org/wiki/2018_Brazilian_Grand_Prix,Cloudy
1001,2018,http://en.wikipedia.org/wiki/2018_Belgian_Grand_Prix,Cloudy
1006,2018,http://en.wikipedia.org/wiki/2018_United_States_Grand_Prix,Partly cloudy
1000,2018,http://en.wikipedia.org/wiki/2018_Hungarian_Grand_Prix,Sunny
998,2018,http://en.wikipedia.org/wiki/2018_British_Grand_Prix,Sunny 27.0 °C (80.6 °F)[2]
997,2018,http://en.wikipedia.org/wiki/2018_Austrian_Grand_Prix,Sunny
996,2018,http://en.wikipedia.org/wiki/2018_French_Grand_Prix,"Partially cloudy, warm and dry"
995,2018,http://en.wikipedia.org/wiki/2018_Canadian_Grand_Prix,Temperatures reaching up to 22.7 °C (72.9 °F); with wind speeds reaching 11.1 kilometres per hour (6.9 mph)[2]
994,2018,http://en.wikipedia.org/wiki/2018_Monaco_Grand_Prix,Sunny
993,2018,http://en.wikipedia.org/wiki/2018_Spanish_Grand_Prix,"Partially cloudy and dry, 16°C and cold."
992,2018,http://en.wikipedia.org/wiki/2018_Azerbaijan_Grand_Prix,Cloudy
991,2018,http://en.wikipedia.org/wiki/2018_Chinese_Grand_Prix,Sunny
990,2018,http://en.wikipedia.org/wiki/2018_Bahrain_Grand_Prix,Clear
989,2018,http://en.wikipedia.org/wiki/2018_Australian_Grand_Prix,Sunny
999,2018,http://en.wikipedia.org/wiki/2018_German_Grand_Prix,Overcast with intermittent rain
1019,2019,http://en.wikipedia.org/wiki/2019_British_Grand_Prix,Partly cloudy
1022,2019,http://en.wikipedia.org/wiki/2019_Belgian_Grand_Prix,Partly cloudy
1023,2019,http://en.wikipedia.org/wiki/2019_Italian_Grand_Prix,Partly cloudy
1024,2019,http://en.wikipedia.org/wiki/2019_Singapore_Grand_Prix,Slightly hazy
1025,2019,http://en.wikipedia.org/wiki/2019_Russian_Grand_Prix,Partly cloudy
1030,2019,http://en.wikipedia.org/wiki/2019_Abu_Dhabi_Grand_Prix,Clear
1027,2019,http://en.wikipedia.org/wiki/2019_Mexican_Grand_Prix,Partly cloudy
1028,2019,http://en.wikipedia.org/wiki/2019_United_States_Grand_Prix,Sunny
1029,2019,http://en.wikipedia.org/wiki/2019_Brazilian_Grand_Prix,Sunny
1026,2019,http://en.wikipedia.org/wiki/2019_Japanese_Grand_Prix,Sunny
1021,2019,http://en.wikipedia.org/wiki/2019_Hungarian_Grand_Prix,Sunny
1016,2019,http://en.wikipedia.org/wiki/2019_Canadian_Grand_Prix,Temperatures reaching up to 29.6 °C (85.3 °F); wind speeds negligible[2]
1018,2019,http://en.wikipedia.org/wiki/2019_Austrian_Grand_Prix,"Sunny, 36C (97F)"
1017,2019,http://en.wikipedia.org/wiki/2019_French_Grand_Prix,Clear
1015,2019,http://en.wikipedia.org/wiki/2019_Monaco_Grand_Prix,Overcast
1014,2019,http://en.wikipedia.org/wiki/2019_Spanish_Grand_Prix,Sunny
1013,2019,http://en.wikipedia.org/wiki/2019_Azerbaijan_Grand_Prix,Mostly sunny
1012,2019,http://en.wikipedia.org/wiki/2019_Chinese_Grand_Prix,Partly cloudy
1011,2019,http://en.wikipedia.org/wiki/2019_Bahrain_Grand_Prix,Clear
1010,2019,http://en.wikipedia.org/wiki/2019_Australian_Grand_Prix,Sunny
1020,2019,http://en.wikipedia.org/wiki/2019_German_Grand_Prix,"Early rain, Late clouds"
1042,2020,http://en.wikipedia.org/wiki/2020_Portuguese_Grand_Prix,Cloudy
1047,2020,http://en.wikipedia.org/wiki/2020_Abu_Dhabi_Grand_Prix,Clear
1043,2020,http://en.wikipedia.org/wiki/2020_Emilia_Romagna_Grand_Prix,Partly cloudy
1040,2020,http://en.wikipedia.org/wiki/2020_Russian_Grand_Prix,Sunny
1045,2020,http://en.wikipedia.org/wiki/2020_Bahrain_Grand_Prix,Clear
1046,2020,http://en.wikipedia.org/wiki/2020_Sakhir_Grand_Prix,Clear
1044,2020,http://en.wikipedia.org/wiki/2020_Turkish_Grand_Prix,Overcast. Wet and drying track. Air: 11–14 °C (52–57 °F); Track: 14–17 °C (57–63 °F)
1039,2020,http://en.wikipedia.org/wiki/2020_Tuscan_Grand_Prix,Sunny
1041,2020,http://en.wikipedia.org/wiki/2020_Eifel_Grand_Prix,"Partly cloudy, 10 °C (50 °F)"
1037,2020,http://en.wikipedia.org/wiki/2020_Belgian_Grand_Prix,Partly cloudy
1031,2020,http://en.wikipedia.org/wiki/2020_Austrian_Grand_Prix,Sunny
1032,2020,http://en.wikipedia.org/wiki/2020_Styrian_Grand_Prix,Sunny
1033,2020,http://en.wikipedia.org/wiki/2020_Hungarian_Grand_Prix,"Wet at start, partly cloudy"
1038,2020,http://en.wikipedia.org/wiki/2020_Italian_Grand_Prix,Sunny
1035,2020,http://en.wikipedia.org/wiki/70th_Anniversary_Grand_Prix,Sunny
1036,2020,http://en.wikipedia.org/wiki/2020_Spanish_Grand_Prix,Partly cloudy
1034,2020,http://en.wikipedia.org/wiki/2020_British_Grand_Prix,Partly cloudy
1073,2021,http://en.wikipedia.org/wiki/2021_Abu_Dhabi_Grand_Prix,Clear
1064,2021,http://en.wikipedia.org/wiki/2021_Dutch_Grand_Prix,Sunny
1051,2021,http://en.wikipedia.org/wiki/2021_Qatar_Grand_Prix,Clear
1071,2021,http://en.wikipedia.org/wiki/2021_S%C3%A3o_Paulo_Grand_Prix,Sunny
1070,2021,http://en.wikipedia.org/wiki/2021_Mexican_Grand_Prix,Sunny
1069,2021,http://en.wikipedia.org/wiki/2021_United_States_Grand_Prix,Sunny
1067,2021,http://en.wikipedia.org/wiki/2021_Turkish_Grand_Prix,Overcast with intermittent rain
1066,2021,http://en.wikipedia.org/wiki/2021_Russian_Grand_Prix,Cloudy and rainy
1065,2021,http://en.wikipedia.org/wiki/2021_Italian_Grand_Prix,Sunny
1072,2021,http://en.wikipedia.org/wiki/2021_Saudi_Arabian_Grand_Prix,Clear
1063,2021,http://en.wikipedia.org/wiki/2021_Belgian_Grand_Prix,Wet; persistent rain
1061,2021,http://en.wikipedia.org/wiki/2021_British_Grand_Prix,Clear. Ambient: 29 to 31 °C (84 to 88 °F); Surface: 48 to 52 °C (118 to 126 °F)
1060,2021,http://en.wikipedia.org/wiki/2021_Austrian_Grand_Prix,Partly cloudy
1058,2021,http://en.wikipedia.org/wiki/2021_Styrian_Grand_Prix,Partly cloudy. Ambient temperature: 25 to 29 °C (77 to 84 °F); Surface temperature: 48 to 56 °C (118 to 133 °F)
1059,2021,http://en.wikipedia.org/wiki/2021_French_Grand_Prix,Windy and partly cloudy. Ambient temperature: 24 to 27 °C (75 to 81 °F); Surface temperature: 33 to 38 °C (91 to 100 °F)
1057,2021,http://en.wikipedia.org/wiki/2021_Azerbaijan_Grand_Prix,Sunny
1056,2021,http://en.wikipedia.org/wiki/2021_Monaco_Grand_Prix,Sunny
1055,2021,http://en.wikipedia.org/wiki/2021_Spanish_Grand_Prix,Cloudy
1054,2021,http://en.wikipedia.org/wiki/2021_Portuguese_Grand_Prix,Light cloud
1053,2021,http://en.wikipedia.org/wiki/2021_Emilia_Romagna_Grand_Prix,"Wet at start, drying during race, 9 °C (48 °F)"
1052,2021,http://en.wikipedia.org/wiki/2021_Bahrain_Grand_Prix,"Clear, 21 °C (70 °F)"
1062,2021,http://en.wikipedia.org/wiki/2021_Hungarian_Grand_Prix,Rain and sunny. Ambient: 26 to 29 °C (79 to 84 °F); Surface: 31 to 52 °C (88 to 126 °F).[3]
1087,2022,http://en.wikipedia.org/wiki/2022_Belgian_Grand_Prix,Sunny
1088,2022,http://en.wikipedia.org/wiki/2022_Dutch_Grand_Prix,Partly cloudy
1089,2022,http://en.wikipedia.org/wiki/2022_Italian_Grand_Prix,Sunny
1091,2022,http://en.wikipedia.org/wiki/2022_Singapore_Grand_Prix,Partly cloudy in a wet and drying track
1096,2022,http://en.wikipedia.org/wiki/2022_Abu_Dhabi_Grand_Prix,Clear
1093,2022,http://en.wikipedia.org/wiki/2022_United_States_Grand_Prix,Partly cloudy
1094,2022,http://en.wikipedia.org/wiki/2022_Mexican_Grand_Prix,Partly cloudy
1095,2022,http://en.wikipedia.org/wiki/2022_Brazilian_Grand_Prix,Cloudy
1092,2022,http://en.wikipedia.org/wiki/2022_Japanese_Grand_Prix,Rain
1085,2022,http://en.wikipedia.org/wiki/2022_French_Grand_Prix,Sunny
1086,2022,http://en.wikipedia.org/wiki/2022_Hungarian_Grand_Prix,"Overcast with drizzle throughout, light rain at the end"
1083,2022,http://en.wikipedia.org/wiki/2022_British_Grand_Prix,Partly cloudy
1074,2022,http://en.wikipedia.org/wiki/2022_Bahrain_Grand_Prix,Clear
1075,2022,http://en.wikipedia.org/wiki/2022_Saudi_Arabian_Grand_Prix,Clear
1076,2022,http://en.wikipedia.org/wiki/2022_Australian_Grand_Prix,Partly cloudy
1077,2022,http://en.wikipedia.org/wiki/2022_Emilia_Romagna_Grand_Prix,Cloudy in a wet and drying track[2]
1084,2022,http://en.wikipedia.org/wiki/2022_Austrian_Grand_Prix,Partly cloudy
1079,2022,http://en.wikipedia.org/wiki/2022_Spanish_Grand_Prix,Sunny
1080,2022,http://en.wikipedia.org/wiki/2022_Monaco_Grand_Prix,Rain and partly cloudy in wet-and-drying track conditions
1081,2022,http://en.wikipedia.org/wiki/2022_Azerbaijan_Grand_Prix,Sunny
1082,2022,http://en.wikipedia.org/wiki/2022_Canadian_Grand_Prix,Sunny
1078,2022,http://en.wikipedia.org/wiki/2022_Miami_Grand_Prix,"Warm, partly cloudy, slight rain at the end"
1110,2023,https://en.wikipedia.org/wiki/2023_Belgian_Grand_Prix,"Partly cloudy, with a rain interval"
1119,2023,https://en.wikipedia.org/wiki/2023_Las_Vegas_Grand_Prix,Clear
1118,2023,https://en.wikipedia.org/wiki/2023_S%C3%A3o_Paulo_Grand_Prix,Partly cloudy
1117,2023,https://en.wikipedia.org/wiki/2023_Mexico_City_Grand_Prix,Sunny
1116,2023,https://en.wikipedia.org/wiki/2023_United_States_Grand_Prix,Sunny
1115,2023,https://en.wikipedia.org/wiki/2023_Qatar_Grand_Prix,Clear
1114,2023,https://en.wikipedia.org/wiki/2023_Japanese_Grand_Prix,Sunny
1113,2023,https://en.wikipedia.org/wiki/2023_Singapore_Grand_Prix,Clear
1112,2023,https://en.wikipedia.org/wiki/2023_Italian_Grand_Prix,Sunny
1111,2023,https://en.wikipedia.org/wiki/2023_Dutch_Grand_Prix,Cloudy and rainy
1120,2023,https://en.wikipedia.org/wiki/2023_Abu_Dhabi_Grand_Prix,Clear
1109,2023,https://en.wikipedia.org/wiki/2023_Hungarian_Grand_Prix,Sunny
1107,2023,https://en.wikipedia.org/wiki/2023_Austrian_Grand_Prix,Cloudy
1106,2023,https://en.wikipedia.org/wiki/2023_Canadian_Grand_Prix,Partly cloudy
1105,2023,https://en.wikipedia.org/wiki/2023_Spanish_Grand_Prix,Cloudy
1104,2023,https://en.wikipedia.org/wiki/2023_Monaco_Grand_Prix,"Cloudy, with some rain intervals"
1102,2023,https://en.wikipedia.org/wiki/2023_Miami_Grand_Prix,Partly cloudy
1101,2023,https://en.wikipedia.org/wiki/2023_Azerbaijan_Grand_Prix,Partly cloudy
1100,2023,https://en.wikipedia.org/wiki/2023_Australian_Grand_Prix,Sunny
1099,2023,https://en.wikipedia.org/wiki/2023_Saudi_Arabian_Grand_Prix,Clear
1098,2023,https://en.wikipedia.org/wiki/2023_Bahrain_Grand_Prix,Clear
1108,2023,https://en.wikipedia.org/wiki/2023_British_Grand_Prix,Partly cloudy
1134,2024,https://en.wikipedia.org/wiki/2024_Belgian_Grand_Prix,Sunny
1135,2024,https://en.wikipedia.org/wiki/2024_Dutch_Grand_Prix,Sunny
1136,2024,https://en.wikipedia.org/wiki/2024_Italian_Grand_Prix,Partly cloudy
1137,2024,https://en.wikipedia.org/wiki/2024_Azerbaijan_Grand_Prix,Sunny
1142,2024,https://en.wikipedia.org/wiki/2024_Las_Vegas_Grand_Prix,Clear
1139,2024,https://en.wikipedia.org/wiki/2024_United_States_Grand_Prix,Sunny
1140,2024,https://en.wikipedia.org/wiki/2024_Mexico_City_Grand_Prix,Partly cloudy
1141,2024,https://en.wikipedia.org/wiki/2024_S%C3%A3o_Paulo_Grand_Prix,Rain
1133,2024,https://en.wikipedia.org/wiki/2024_Hungarian_Grand_Prix,Partly cloudy
1138,2024,https://en.wikipedia.org/wiki/2024_Singapore_Grand_Prix,Clear
1132,2024,https://en.wikipedia.org/wiki/2024_British_Grand_Prix,Intermittent rain
1143,2024,https://en.wikipedia.org/wiki/2024_Qatar_Grand_Prix,Clear
1130,2024,https://en.wikipedia.org/wiki/2024_Spanish_Grand_Prix,Clear
1129,2024,https://en.wikipedia.org/wiki/2024_Canadian_Grand_Prix,"Rainy at start, dry later"
1128,2024,https://en.wikipedia.org/wiki/2024_Monaco_Grand_Prix,Sunny
1127,2024,https://en.wikipedia.org/wiki/2024_Emilia_Romagna_Grand_Prix,Partly cloudy
1126,2024,https://en.wikipedia.org/wiki/2024_Miami_Grand_Prix,Partly cloudy
1125,2024,https://en.wikipedia.org/wiki/2024_Chinese_Grand_Prix,Cloudy
1124,2024,https://en.wikipedia.org/wiki/2024_Japanese_Grand_Prix,Sunny
1123,2024,https://en.wikipedia.org/wiki/2024_Australian_Grand_Prix,Sunny
1122,2024,https://en.wikipedia.org/wiki/2024_Saudi_Arabian_Grand_Prix,Clear
1121,2024,https://en.wikipedia.org/wiki/2024_Bahrain_Grand_Prix,Clear
1131,2024,https://en.wikipedia.org/wiki/2024_Austrian_Grand_Prix,Partly cloudy
1144,2024,https://en.wikipedia.org/wiki/2024_Abu_Dhabi_Grand_Prix,Clear
